GeneID,Cluster
71,Cluster:31
103,Cluster:31
226,Cluster:31
375,Cluster:31
387,Cluster:31
498,Cluster:31
506,Cluster:31
801,Cluster:31
805,Cluster:31
811,Cluster:31
821,Cluster:31
1072,Cluster:31
1213,Cluster:31
1452,Cluster:31
1499,Cluster:31
1654,Cluster:31
1655,Cluster:31
1778,Cluster:31
1915,Cluster:31
1937,Cluster:31
1938,Cluster:31
1973,Cluster:31
1974,Cluster:31
1975,Cluster:31
1982,Cluster:31
2023,Cluster:31
2495,Cluster:31
2547,Cluster:31
2778,Cluster:31
3021,Cluster:31
3069,Cluster:31
3181,Cluster:31
3183,Cluster:31
3187,Cluster:31
3190,Cluster:31
3192,Cluster:31
3309,Cluster:31
3312,Cluster:31
3320,Cluster:31
3326,Cluster:31
3837,Cluster:31
3939,Cluster:31
4637,Cluster:31
4666,Cluster:31
4673,Cluster:31
4691,Cluster:31
4735,Cluster:31
4736,Cluster:31
4841,Cluster:31
4869,Cluster:31
4946,Cluster:31
5094,Cluster:31
5230,Cluster:31
5250,Cluster:31
5315,Cluster:31
5478,Cluster:31
5660,Cluster:31
5757,Cluster:31
6122,Cluster:31
6124,Cluster:31
6125,Cluster:31
6128,Cluster:31
6130,Cluster:31
6132,Cluster:31
6134,Cluster:31
6135,Cluster:31
6137,Cluster:31
6138,Cluster:31
6141,Cluster:31
6143,Cluster:31
6155,Cluster:31
6156,Cluster:31
6157,Cluster:31
6160,Cluster:31
6161,Cluster:31
6165,Cluster:31
6167,Cluster:31
6168,Cluster:31
6175,Cluster:31
6176,Cluster:31
6181,Cluster:31
6187,Cluster:31
6188,Cluster:31
6191,Cluster:31
6193,Cluster:31
6194,Cluster:31
6202,Cluster:31
6205,Cluster:31
6206,Cluster:31
6208,Cluster:31
6210,Cluster:31
6218,Cluster:31
6222,Cluster:31
6223,Cluster:31
6224,Cluster:31
6228,Cluster:31
6229,Cluster:31
6418,Cluster:31
6421,Cluster:31
6428,Cluster:31
6651,Cluster:31
7009,Cluster:31
7167,Cluster:31
7170,Cluster:31
7178,Cluster:31
7184,Cluster:31
7311,Cluster:31
7314,Cluster:31
7316,Cluster:31
7323,Cluster:31
7520,Cluster:31
7529,Cluster:31
7531,Cluster:31
7534,Cluster:31
7555,Cluster:31
7812,Cluster:31
7919,Cluster:31
8661,Cluster:31
9045,Cluster:31
9168,Cluster:31
9349,Cluster:31
9584,Cluster:31
9782,Cluster:31
10075,Cluster:31
10169,Cluster:31
10209,Cluster:31
10376,Cluster:31
10399,Cluster:31
10521,Cluster:31
10594,Cluster:31
23215,Cluster:31
23451,Cluster:31
23521,Cluster:31
26986,Cluster:31
51386,Cluster:31
203068,Cluster:31
728658,Cluster:31
47,Cluster:64
81,Cluster:64
163,Cluster:64
292,Cluster:64
334,Cluster:64
468,Cluster:64
476,Cluster:64
682,Cluster:64
689,Cluster:64
829,Cluster:64
908,Cluster:64
967,Cluster:64
989,Cluster:64
998,Cluster:64
1108,Cluster:64
1173,Cluster:64
1314,Cluster:64
1327,Cluster:64
1431,Cluster:64
1495,Cluster:64
1642,Cluster:64
1656,Cluster:64
1660,Cluster:64
1665,Cluster:64
1936,Cluster:64
1968,Cluster:64
1981,Cluster:64
1983,Cluster:64
1984,Cluster:64
2130,Cluster:64
2197,Cluster:64
2521,Cluster:64
2665,Cluster:64
2734,Cluster:64
2782,Cluster:64
2821,Cluster:64
2923,Cluster:64
2935,Cluster:64
3030,Cluster:64
3068,Cluster:64
3146,Cluster:64
3178,Cluster:64
3184,Cluster:64
3185,Cluster:64
3191,Cluster:64
3301,Cluster:64
3313,Cluster:64
3329,Cluster:64
3608,Cluster:64
3609,Cluster:64
3646,Cluster:64
3688,Cluster:64
3799,Cluster:64
3843,Cluster:64
3895,Cluster:64
3921,Cluster:64
3945,Cluster:64
4076,Cluster:64
4134,Cluster:64
4144,Cluster:64
4170,Cluster:64
4831,Cluster:64
4898,Cluster:64
4904,Cluster:64
5034,Cluster:64
5037,Cluster:64
5052,Cluster:64
5093,Cluster:64
5204,Cluster:64
5216,Cluster:64
5479,Cluster:64
5500,Cluster:64
5518,Cluster:64
5573,Cluster:64
5591,Cluster:64
5692,Cluster:64
5708,Cluster:64
5879,Cluster:64
5885,Cluster:64
5901,Cluster:64
5928,Cluster:64
5935,Cluster:64
6046,Cluster:64
6136,Cluster:64
6139,Cluster:64
6146,Cluster:64
6147,Cluster:64
6152,Cluster:64
6154,Cluster:64
6158,Cluster:64
6159,Cluster:64
6164,Cluster:64
6169,Cluster:64
6171,Cluster:64
6184,Cluster:64
6185,Cluster:64
6189,Cluster:64
6201,Cluster:64
6203,Cluster:64
6207,Cluster:64
6217,Cluster:64
6230,Cluster:64
6233,Cluster:64
6235,Cluster:64
6426,Cluster:64
6427,Cluster:64
6430,Cluster:64
6431,Cluster:64
6434,Cluster:64
6500,Cluster:64
6709,Cluster:64
6711,Cluster:64
6727,Cluster:64
6745,Cluster:64
6950,Cluster:64
7086,Cluster:64
7094,Cluster:64
7171,Cluster:64
7175,Cluster:64
7203,Cluster:64
7317,Cluster:64
7415,Cluster:64
7430,Cluster:64
7458,Cluster:64
7514,Cluster:64
7756,Cluster:64
7879,Cluster:64
8031,Cluster:64
8073,Cluster:64
8239,Cluster:64
8473,Cluster:64
8663,Cluster:64
8664,Cluster:64
8667,Cluster:64
8763,Cluster:64
8826,Cluster:64
8878,Cluster:64
9295,Cluster:64
9320,Cluster:64
9555,Cluster:64
9588,Cluster:64
9643,Cluster:64
9736,Cluster:64
9774,Cluster:64
9877,Cluster:64
9898,Cluster:64
9948,Cluster:64
9967,Cluster:64
9987,Cluster:64
10096,Cluster:64
10097,Cluster:64
10109,Cluster:64
10130,Cluster:64
10146,Cluster:64
10236,Cluster:64
10299,Cluster:64
10383,Cluster:64
10487,Cluster:64
10492,Cluster:64
10574,Cluster:64
10575,Cluster:64
10618,Cluster:64
10694,Cluster:64
10724,Cluster:64
10728,Cluster:64
10730,Cluster:64
10914,Cluster:64
10933,Cluster:64
10959,Cluster:64
10971,Cluster:64
10972,Cluster:64
10983,Cluster:64
10992,Cluster:64
11224,Cluster:64
22872,Cluster:64
22948,Cluster:64
23019,Cluster:64
23020,Cluster:64
23204,Cluster:64
23326,Cluster:64
23352,Cluster:64
23367,Cluster:64
23450,Cluster:64
23499,Cluster:64
23524,Cluster:64
25873,Cluster:64
26135,Cluster:64
26156,Cluster:64
27069,Cluster:64
27316,Cluster:64
29035,Cluster:64
50809,Cluster:64
51322,Cluster:64
54407,Cluster:64
55573,Cluster:64
56910,Cluster:64
57062,Cluster:64
57142,Cluster:64
58517,Cluster:64
64710,Cluster:64
65125,Cluster:64
81688,Cluster:64
84726,Cluster:64
84790,Cluster:64
93621,Cluster:64
103910,Cluster:64
125144,Cluster:64
136319,Cluster:64
220988,Cluster:64
647979,Cluster:64
654364,Cluster:64
728689,Cluster:64
100526842,Cluster:64
102,Cluster:45
118,Cluster:45
142,Cluster:45
262,Cluster:45
308,Cluster:45
328,Cluster:45
372,Cluster:45
377,Cluster:45
378,Cluster:45
382,Cluster:45
509,Cluster:45
514,Cluster:45
515,Cluster:45
517,Cluster:45
518,Cluster:45
546,Cluster:45
754,Cluster:45
808,Cluster:45
826,Cluster:45
831,Cluster:45
832,Cluster:45
1106,Cluster:45
1153,Cluster:45
1192,Cluster:45
1315,Cluster:45
1350,Cluster:45
1639,Cluster:45
1650,Cluster:45
1729,Cluster:45
1783,Cluster:45
1933,Cluster:45
1979,Cluster:45
2029,Cluster:45
2058,Cluster:45
2107,Cluster:45
2186,Cluster:45
2222,Cluster:45
2224,Cluster:45
2280,Cluster:45
2617,Cluster:45
2773,Cluster:45
2804,Cluster:45
2885,Cluster:45
2956,Cluster:45
2969,Cluster:45
3091,Cluster:45
3094,Cluster:45
3150,Cluster:45
3151,Cluster:45
3189,Cluster:45
3308,Cluster:45
3376,Cluster:45
3615,Cluster:45
3703,Cluster:45
3735,Cluster:45
3842,Cluster:45
3920,Cluster:45
3927,Cluster:45
4141,Cluster:45
4179,Cluster:45
4190,Cluster:45
4191,Cluster:45
4670,Cluster:45
4676,Cluster:45
4677,Cluster:45
4678,Cluster:45
4719,Cluster:45
4926,Cluster:45
5036,Cluster:45
5048,Cluster:45
5049,Cluster:45
5108,Cluster:45
5226,Cluster:45
5411,Cluster:45
5430,Cluster:45
5431,Cluster:45
5501,Cluster:45
5515,Cluster:45
5527,Cluster:45
5594,Cluster:45
5682,Cluster:45
5685,Cluster:45
5688,Cluster:45
5689,Cluster:45
5705,Cluster:45
5707,Cluster:45
5725,Cluster:45
5781,Cluster:45
5859,Cluster:45
5861,Cluster:45
5887,Cluster:45
5894,Cluster:45
5903,Cluster:45
5931,Cluster:45
6129,Cluster:45
6142,Cluster:45
6204,Cluster:45
6209,Cluster:45
6227,Cluster:45
6301,Cluster:45
6386,Cluster:45
6432,Cluster:45
6520,Cluster:45
6599,Cluster:45
6605,Cluster:45
6613,Cluster:45
6647,Cluster:45
6726,Cluster:45
6731,Cluster:45
6746,Cluster:45
6747,Cluster:45
6749,Cluster:45
6767,Cluster:45
6774,Cluster:45
6780,Cluster:45
6830,Cluster:45
6836,Cluster:45
6879,Cluster:45
6881,Cluster:45
6888,Cluster:45
7095,Cluster:45
7155,Cluster:45
7267,Cluster:45
7284,Cluster:45
7335,Cluster:45
7381,Cluster:45
7384,Cluster:45
7385,Cluster:45
7416,Cluster:45
7453,Cluster:45
7528,Cluster:45
7532,Cluster:45
7536,Cluster:45
7763,Cluster:45
7803,Cluster:45
7874,Cluster:45
7913,Cluster:45
7917,Cluster:45
8087,Cluster:45
8106,Cluster:45
8243,Cluster:45
8301,Cluster:45
8428,Cluster:45
8467,Cluster:45
8655,Cluster:45
8662,Cluster:45
8668,Cluster:45
8721,Cluster:45
8761,Cluster:45
8766,Cluster:45
8880,Cluster:45
8887,Cluster:45
8943,Cluster:45
9031,Cluster:45
9169,Cluster:45
9188,Cluster:45
9208,Cluster:45
9218,Cluster:45
9221,Cluster:45
9276,Cluster:45
9343,Cluster:45
9375,Cluster:45
9448,Cluster:45
9520,Cluster:45
9528,Cluster:45
9611,Cluster:45
9669,Cluster:45
9689,Cluster:45
9698,Cluster:45
9703,Cluster:45
9761,Cluster:45
9793,Cluster:45
9798,Cluster:45
9802,Cluster:45
9804,Cluster:45
9867,Cluster:45
9908,Cluster:45
9921,Cluster:45
9939,Cluster:45
10015,Cluster:45
10092,Cluster:45
10093,Cluster:45
10128,Cluster:45
10134,Cluster:45
10155,Cluster:45
10163,Cluster:45
10181,Cluster:45
10238,Cluster:45
10250,Cluster:45
10313,Cluster:45
10480,Cluster:45
10527,Cluster:45
10552,Cluster:45
10576,Cluster:45
10625,Cluster:45
10627,Cluster:45
10632,Cluster:45
10657,Cluster:45
10658,Cluster:45
10735,Cluster:45
10768,Cluster:45
10772,Cluster:45
10776,Cluster:45
10890,Cluster:45
10921,Cluster:45
10923,Cluster:45
10935,Cluster:45
10944,Cluster:45
10949,Cluster:45
10955,Cluster:45
10956,Cluster:45
10963,Cluster:45
11034,Cluster:45
11100,Cluster:45
11165,Cluster:45
11176,Cluster:45
11198,Cluster:45
11315,Cluster:45
11325,Cluster:45
11331,Cluster:45
11335,Cluster:45
11337,Cluster:45
22820,Cluster:45
22919,Cluster:45
22985,Cluster:45
23049,Cluster:45
23164,Cluster:45
23190,Cluster:45
23193,Cluster:45
23196,Cluster:45
23244,Cluster:45
23350,Cluster:45
23353,Cluster:45
23369,Cluster:45
23392,Cluster:45
23394,Cluster:45
23435,Cluster:45
23468,Cluster:45
23471,Cluster:45
23603,Cluster:45
23633,Cluster:45
23741,Cluster:45
25831,Cluster:45
25912,Cluster:45
25957,Cluster:45
26057,Cluster:45
26065,Cluster:45
26118,Cluster:45
27044,Cluster:45
27102,Cluster:45
27230,Cluster:45
27332,Cluster:45
27335,Cluster:45
29123,Cluster:45
29927,Cluster:45
29956,Cluster:45
29979,Cluster:45
51149,Cluster:45
51366,Cluster:45
51433,Cluster:45
51520,Cluster:45
51582,Cluster:45
51614,Cluster:45
51663,Cluster:45
51669,Cluster:45
51742,Cluster:45
51747,Cluster:45
54205,Cluster:45
54882,Cluster:45
55041,Cluster:45
55209,Cluster:45
55233,Cluster:45
55291,Cluster:45
55660,Cluster:45
55737,Cluster:45
55832,Cluster:45
56681,Cluster:45
56889,Cluster:45
57448,Cluster:45
57515,Cluster:45
57532,Cluster:45
57551,Cluster:45
60559,Cluster:45
64397,Cluster:45
65065,Cluster:45
79718,Cluster:45
79811,Cluster:45
79856,Cluster:45
80218,Cluster:45
80232,Cluster:45
81539,Cluster:45
83734,Cluster:45
83752,Cluster:45
92140,Cluster:45
93487,Cluster:45
94239,Cluster:45
114908,Cluster:45
152503,Cluster:45
201595,Cluster:45
285855,Cluster:45
359948,Cluster:45
387522,Cluster:45
400960,Cluster:45
404734,Cluster:45
729082,Cluster:45
100529239,Cluster:45
16,Cluster:93
23,Cluster:93
50,Cluster:93
128,Cluster:93
164,Cluster:93
191,Cluster:93
204,Cluster:93
310,Cluster:93
427,Cluster:93
523,Cluster:93
526,Cluster:93
539,Cluster:93
550,Cluster:93
830,Cluster:93
900,Cluster:93
1267,Cluster:93
1340,Cluster:93
1387,Cluster:93
1399,Cluster:93
1434,Cluster:93
1457,Cluster:93
1460,Cluster:93
1487,Cluster:93
1523,Cluster:93
1615,Cluster:93
1738,Cluster:93
1810,Cluster:93
1964,Cluster:93
1965,Cluster:93
2033,Cluster:93
2314,Cluster:93
2739,Cluster:93
2744,Cluster:93
2746,Cluster:93
2802,Cluster:93
2803,Cluster:93
2879,Cluster:93
2926,Cluster:93
2970,Cluster:93
3020,Cluster:93
3032,Cluster:93
3064,Cluster:93
3066,Cluster:93
3093,Cluster:93
3182,Cluster:93
3188,Cluster:93
3281,Cluster:93
3295,Cluster:93
3516,Cluster:93
3550,Cluster:93
3611,Cluster:93
3716,Cluster:93
3840,Cluster:93
3998,Cluster:93
4048,Cluster:93
4074,Cluster:93
4077,Cluster:93
4087,Cluster:93
4140,Cluster:93
4154,Cluster:93
4176,Cluster:93
4289,Cluster:93
4297,Cluster:93
4659,Cluster:93
4697,Cluster:93
4705,Cluster:93
4715,Cluster:93
4720,Cluster:93
4723,Cluster:93
4725,Cluster:93
4738,Cluster:93
4763,Cluster:93
4809,Cluster:93
4820,Cluster:93
4836,Cluster:93
4928,Cluster:93
4953,Cluster:93
4976,Cluster:93
5018,Cluster:93
5062,Cluster:93
5223,Cluster:93
5245,Cluster:93
5464,Cluster:93
5496,Cluster:93
5499,Cluster:93
5538,Cluster:93
5683,Cluster:93
5686,Cluster:93
5687,Cluster:93
5690,Cluster:93
5695,Cluster:93
5701,Cluster:93
5702,Cluster:93
5710,Cluster:93
5713,Cluster:93
5714,Cluster:93
5717,Cluster:93
5719,Cluster:93
5862,Cluster:93
5869,Cluster:93
5870,Cluster:93
5930,Cluster:93
5936,Cluster:93
6093,Cluster:93
6166,Cluster:93
6389,Cluster:93
6396,Cluster:93
6400,Cluster:93
6429,Cluster:93
6597,Cluster:93
6601,Cluster:93
6628,Cluster:93
6633,Cluster:93
6642,Cluster:93
6667,Cluster:93
6732,Cluster:93
6734,Cluster:93
6741,Cluster:93
6829,Cluster:93
6892,Cluster:93
6897,Cluster:93
7073,Cluster:93
7150,Cluster:93
7158,Cluster:93
7165,Cluster:93
7259,Cluster:93
7266,Cluster:93
7327,Cluster:93
7328,Cluster:93
7329,Cluster:93
7332,Cluster:93
7334,Cluster:93
7337,Cluster:93
7360,Cluster:93
7388,Cluster:93
7419,Cluster:93
7468,Cluster:93
7533,Cluster:93
7572,Cluster:93
7586,Cluster:93
7818,Cluster:93
7905,Cluster:93
8079,Cluster:93
8125,Cluster:93
8289,Cluster:93
8451,Cluster:93
8452,Cluster:93
8539,Cluster:93
8545,Cluster:93
8565,Cluster:93
8615,Cluster:93
8665,Cluster:93
8666,Cluster:93
8672,Cluster:93
8683,Cluster:93
8720,Cluster:93
8724,Cluster:93
8886,Cluster:93
8888,Cluster:93
8895,Cluster:93
8899,Cluster:93
8904,Cluster:93
9043,Cluster:93
9184,Cluster:93
9354,Cluster:93
9403,Cluster:93
9406,Cluster:93
9416,Cluster:93
9491,Cluster:93
9550,Cluster:93
9589,Cluster:93
9601,Cluster:93
9632,Cluster:93
9652,Cluster:93
9685,Cluster:93
9690,Cluster:93
9741,Cluster:93
9784,Cluster:93
9813,Cluster:93
9861,Cluster:93
9878,Cluster:93
9879,Cluster:93
9887,Cluster:93
9919,Cluster:93
9927,Cluster:93
9969,Cluster:93
9991,Cluster:93
10049,Cluster:93
10054,Cluster:93
10055,Cluster:93
10059,Cluster:93
10094,Cluster:93
10099,Cluster:93
10106,Cluster:93
10121,Cluster:93
10137,Cluster:93
10142,Cluster:93
10147,Cluster:93
10159,Cluster:93
10160,Cluster:93
10180,Cluster:93
10197,Cluster:93
10284,Cluster:93
10291,Cluster:93
10294,Cluster:93
10342,Cluster:93
10425,Cluster:93
10443,Cluster:93
10476,Cluster:93
10525,Cluster:93
10540,Cluster:93
10550,Cluster:93
10598,Cluster:93
10606,Cluster:93
10808,Cluster:93
10915,Cluster:93
10946,Cluster:93
10960,Cluster:93
10961,Cluster:93
10985,Cluster:93
10988,Cluster:93
10989,Cluster:93
11014,Cluster:93
11051,Cluster:93
11052,Cluster:93
11079,Cluster:93
11140,Cluster:93
11180,Cluster:93
11214,Cluster:93
11231,Cluster:93
11260,Cluster:93
11261,Cluster:93
22794,Cluster:93
22803,Cluster:93
22818,Cluster:93
22826,Cluster:93
22827,Cluster:93
22980,Cluster:93
22992,Cluster:93
23013,Cluster:93
23028,Cluster:93
23042,Cluster:93
23064,Cluster:93
23077,Cluster:93
23091,Cluster:93
23126,Cluster:93
23185,Cluster:93
23191,Cluster:93
23198,Cluster:93
23214,Cluster:93
23265,Cluster:93
23344,Cluster:93
23351,Cluster:93
23405,Cluster:93
23469,Cluster:93
23476,Cluster:93
23478,Cluster:93
23517,Cluster:93
23585,Cluster:93
23731,Cluster:93
23787,Cluster:93
24148,Cluster:93
25793,Cluster:93
25814,Cluster:93
25820,Cluster:93
25824,Cluster:93
25836,Cluster:93
26058,Cluster:93
26354,Cluster:93
27032,Cluster:93
27125,Cluster:93
27131,Cluster:93
27161,Cluster:93
27183,Cluster:93
28988,Cluster:93
29072,Cluster:93
29101,Cluster:93
29883,Cluster:93
29959,Cluster:93
50717,Cluster:93
51094,Cluster:93
51100,Cluster:93
51142,Cluster:93
51247,Cluster:93
51335,Cluster:93
51441,Cluster:93
51507,Cluster:93
51552,Cluster:93
51631,Cluster:93
51637,Cluster:93
51727,Cluster:93
51729,Cluster:93
51780,Cluster:93
54431,Cluster:93
54765,Cluster:93
54904,Cluster:93
54940,Cluster:93
55023,Cluster:93
55031,Cluster:93
55037,Cluster:93
55069,Cluster:93
55082,Cluster:93
55127,Cluster:93
55183,Cluster:93
55206,Cluster:93
55334,Cluster:93
55339,Cluster:93
55379,Cluster:93
55666,Cluster:93
55699,Cluster:93
55705,Cluster:93
55749,Cluster:93
55752,Cluster:93
55754,Cluster:93
55845,Cluster:93
55854,Cluster:93
55870,Cluster:93
55904,Cluster:93
55914,Cluster:93
55920,Cluster:93
56882,Cluster:93
56886,Cluster:93
57003,Cluster:93
57018,Cluster:93
57092,Cluster:93
57187,Cluster:93
57223,Cluster:93
57488,Cluster:93
57492,Cluster:93
57506,Cluster:93
57680,Cluster:93
57805,Cluster:93
58508,Cluster:93
60313,Cluster:93
60481,Cluster:93
64324,Cluster:93
64771,Cluster:93
64844,Cluster:93
65056,Cluster:93
65117,Cluster:93
65264,Cluster:93
79101,Cluster:93
79572,Cluster:93
79646,Cluster:93
80335,Cluster:93
80829,Cluster:93
81502,Cluster:93
81669,Cluster:93
83939,Cluster:93
84516,Cluster:93
84919,Cluster:93
90411,Cluster:93
91746,Cluster:93
114883,Cluster:93
127933,Cluster:93
130074,Cluster:93
140465,Cluster:93
140890,Cluster:93
153339,Cluster:93
163590,Cluster:93
200081,Cluster:93
222068,Cluster:93
222658,Cluster:93
245973,Cluster:93
283459,Cluster:93
283820,Cluster:93
339287,Cluster:93
388341,Cluster:93
552889,Cluster:93
100093631,Cluster:93
100505641,Cluster:93
100526737,Cluster:93
14,Cluster:9
52,Cluster:9
223,Cluster:9
392,Cluster:9
529,Cluster:9
533,Cluster:9
663,Cluster:9
988,Cluster:9
996,Cluster:9
1105,Cluster:9
1182,Cluster:9
1207,Cluster:9
1329,Cluster:9
1337,Cluster:9
1347,Cluster:9
1349,Cluster:9
1398,Cluster:9
1432,Cluster:9
1459,Cluster:9
1603,Cluster:9
1736,Cluster:9
1739,Cluster:9
1781,Cluster:9
1891,Cluster:9
1892,Cluster:9
1994,Cluster:9
2079,Cluster:9
2098,Cluster:9
2108,Cluster:9
2589,Cluster:9
2677,Cluster:9
2764,Cluster:9
2874,Cluster:9
2962,Cluster:9
2971,Cluster:9
3035,Cluster:9
3073,Cluster:9
3074,Cluster:9
3420,Cluster:9
3607,Cluster:9
3658,Cluster:9
3836,Cluster:9
4218,Cluster:9
4351,Cluster:9
4714,Cluster:9
4718,Cluster:9
4722,Cluster:9
4780,Cluster:9
4848,Cluster:9
4947,Cluster:9
5007,Cluster:9
5110,Cluster:9
5160,Cluster:9
5257,Cluster:9
5298,Cluster:9
5394,Cluster:9
5428,Cluster:9
5494,Cluster:9
5514,Cluster:9
5537,Cluster:9
5611,Cluster:9
5663,Cluster:9
5684,Cluster:9
5691,Cluster:9
5694,Cluster:9
5704,Cluster:9
5718,Cluster:9
5721,Cluster:9
5876,Cluster:9
5908,Cluster:9
5917,Cluster:9
5927,Cluster:9
5981,Cluster:9
5987,Cluster:9
6047,Cluster:9
6302,Cluster:9
6342,Cluster:9
6391,Cluster:9
6611,Cluster:9
6634,Cluster:9
6643,Cluster:9
6730,Cluster:9
6738,Cluster:9
6742,Cluster:9
6760,Cluster:9
6789,Cluster:9
6856,Cluster:9
6904,Cluster:9
6917,Cluster:9
6924,Cluster:9
6938,Cluster:9
7027,Cluster:9
7072,Cluster:9
7174,Cluster:9
7247,Cluster:9
7319,Cluster:9
7322,Cluster:9
7341,Cluster:9
7417,Cluster:9
7994,Cluster:9
8021,Cluster:9
8030,Cluster:9
8450,Cluster:9
8454,Cluster:9
8500,Cluster:9
8554,Cluster:9
8562,Cluster:9
8650,Cluster:9
8669,Cluster:9
8678,Cluster:9
8760,Cluster:9
8780,Cluster:9
8833,Cluster:9
8872,Cluster:9
8894,Cluster:9
8916,Cluster:9
9057,Cluster:9
9097,Cluster:9
9100,Cluster:9
9101,Cluster:9
9114,Cluster:9
9125,Cluster:9
9147,Cluster:9
9167,Cluster:9
9202,Cluster:9
9318,Cluster:9
9341,Cluster:9
9352,Cluster:9
9360,Cluster:9
9391,Cluster:9
9470,Cluster:9
9475,Cluster:9
9512,Cluster:9
9517,Cluster:9
9551,Cluster:9
9554,Cluster:9
9646,Cluster:9
9709,Cluster:9
9775,Cluster:9
9776,Cluster:9
9790,Cluster:9
9818,Cluster:9
9821,Cluster:9
9857,Cluster:9
9931,Cluster:9
9958,Cluster:9
9988,Cluster:9
9989,Cluster:9
10006,Cluster:9
10016,Cluster:9
10111,Cluster:9
10153,Cluster:9
10175,Cluster:9
10204,Cluster:9
10213,Cluster:9
10241,Cluster:9
10277,Cluster:9
10327,Cluster:9
10412,Cluster:9
10419,Cluster:9
10436,Cluster:9
10463,Cluster:9
10482,Cluster:9
10484,Cluster:9
10489,Cluster:9
10490,Cluster:9
10531,Cluster:9
10565,Cluster:9
10640,Cluster:9
10726,Cluster:9
10762,Cluster:9
10844,Cluster:9
10899,Cluster:9
10928,Cluster:9
10939,Cluster:9
10980,Cluster:9
11103,Cluster:9
11222,Cluster:9
11252,Cluster:9
22862,Cluster:9
22894,Cluster:9
22907,Cluster:9
22916,Cluster:9
22926,Cluster:9
22930,Cluster:9
22931,Cluster:9
22938,Cluster:9
22978,Cluster:9
23011,Cluster:9
23032,Cluster:9
23063,Cluster:9
23065,Cluster:9
23107,Cluster:9
23112,Cluster:9
23131,Cluster:9
23168,Cluster:9
23197,Cluster:9
23243,Cluster:9
23272,Cluster:9
23279,Cluster:9
23304,Cluster:9
23317,Cluster:9
23325,Cluster:9
23332,Cluster:9
23384,Cluster:9
23386,Cluster:9
23527,Cluster:9
23534,Cluster:9
23560,Cluster:9
23613,Cluster:9
23636,Cluster:9
23760,Cluster:9
23788,Cluster:9
25782,Cluster:9
25844,Cluster:9
25923,Cluster:9
25941,Cluster:9
25962,Cluster:9
25994,Cluster:9
25998,Cluster:9
26003,Cluster:9
26043,Cluster:9
26054,Cluster:9
26097,Cluster:9
26100,Cluster:9
26130,Cluster:9
26190,Cluster:9
26523,Cluster:9
27101,Cluster:9
27249,Cluster:9
27327,Cluster:9
27336,Cluster:9
27430,Cluster:9
28972,Cluster:9
29058,Cluster:9
29117,Cluster:9
29766,Cluster:9
29789,Cluster:9
29855,Cluster:9
29890,Cluster:9
30836,Cluster:9
50807,Cluster:9
50854,Cluster:9
50999,Cluster:9
51021,Cluster:9
51035,Cluster:9
51075,Cluster:9
51082,Cluster:9
51119,Cluster:9
51132,Cluster:9
51164,Cluster:9
51187,Cluster:9
51258,Cluster:9
51371,Cluster:9
51465,Cluster:9
51479,Cluster:9
51493,Cluster:9
51497,Cluster:9
51504,Cluster:9
51569,Cluster:9
51571,Cluster:9
51573,Cluster:9
51585,Cluster:9
51592,Cluster:9
51596,Cluster:9
51604,Cluster:9
51652,Cluster:9
51714,Cluster:9
51755,Cluster:9
51773,Cluster:9
53981,Cluster:9
54014,Cluster:9
54107,Cluster:9
54499,Cluster:9
54542,Cluster:9
54726,Cluster:9
54822,Cluster:9
54856,Cluster:9
54870,Cluster:9
54890,Cluster:9
54906,Cluster:9
54926,Cluster:9
54927,Cluster:9
54973,Cluster:9
54994,Cluster:9
55119,Cluster:9
55147,Cluster:9
55193,Cluster:9
55207,Cluster:9
55234,Cluster:9
55236,Cluster:9
55249,Cluster:9
55250,Cluster:9
55608,Cluster:9
55611,Cluster:9
55662,Cluster:9
55671,Cluster:9
55720,Cluster:9
55729,Cluster:9
55761,Cluster:9
55827,Cluster:9
55898,Cluster:9
55905,Cluster:9
56270,Cluster:9
56987,Cluster:9
56990,Cluster:9
57169,Cluster:9
57179,Cluster:9
57609,Cluster:9
58533,Cluster:9
59286,Cluster:9
60412,Cluster:9
64062,Cluster:9
64210,Cluster:9
64430,Cluster:9
79137,Cluster:9
79139,Cluster:9
79188,Cluster:9
79647,Cluster:9
79882,Cluster:9
79892,Cluster:9
79893,Cluster:9
80011,Cluster:9
80012,Cluster:9
80155,Cluster:9
80204,Cluster:9
80205,Cluster:9
80208,Cluster:9
80306,Cluster:9
80777,Cluster:9
81575,Cluster:9
83606,Cluster:9
83737,Cluster:9
84061,Cluster:9
84196,Cluster:9
84248,Cluster:9
84271,Cluster:9
84364,Cluster:9
84447,Cluster:9
84991,Cluster:9
93974,Cluster:9
113201,Cluster:9
113251,Cluster:9
117246,Cluster:9
119504,Cluster:9
137964,Cluster:9
143384,Cluster:9
155435,Cluster:9
170506,Cluster:9
171568,Cluster:9
219771,Cluster:9
285527,Cluster:9
375035,Cluster:9
375056,Cluster:9
401152,Cluster:9
408050,Cluster:9
440400,Cluster:9
441951,Cluster:9
100188893,Cluster:9
100529063,Cluster:9
100996928,Cluster:9
51,Cluster:25
158,Cluster:25
329,Cluster:25
331,Cluster:25
400,Cluster:25
522,Cluster:25
528,Cluster:25
833,Cluster:25
904,Cluster:25
1198,Cluster:25
1616,Cluster:25
1659,Cluster:25
1676,Cluster:25
1773,Cluster:25
2067,Cluster:25
2287,Cluster:25
2332,Cluster:25
2339,Cluster:25
2976,Cluster:25
3275,Cluster:25
3454,Cluster:25
3839,Cluster:25
3845,Cluster:25
3954,Cluster:25
4089,Cluster:25
4548,Cluster:25
4683,Cluster:25
4686,Cluster:25
4694,Cluster:25
4704,Cluster:25
4708,Cluster:25
4710,Cluster:25
4711,Cluster:25
4729,Cluster:25
4775,Cluster:25
4799,Cluster:25
4927,Cluster:25
5096,Cluster:25
5116,Cluster:25
5130,Cluster:25
5162,Cluster:25
5170,Cluster:25
5356,Cluster:25
5432,Cluster:25
5520,Cluster:25
5528,Cluster:25
5529,Cluster:25
5547,Cluster:25
5562,Cluster:25
5576,Cluster:25
5586,Cluster:25
5706,Cluster:25
5824,Cluster:25
5868,Cluster:25
5902,Cluster:25
6251,Cluster:25
6390,Cluster:25
6687,Cluster:25
6717,Cluster:25
6729,Cluster:25
6733,Cluster:25
6880,Cluster:25
6902,Cluster:25
6945,Cluster:25
7110,Cluster:25
7326,Cluster:25
7336,Cluster:25
7353,Cluster:25
7386,Cluster:25
7511,Cluster:25
7716,Cluster:25
7871,Cluster:25
8036,Cluster:25
8533,Cluster:25
8546,Cluster:25
8607,Cluster:25
8621,Cluster:25
8725,Cluster:25
8731,Cluster:25
8773,Cluster:25
8802,Cluster:25
8812,Cluster:25
8881,Cluster:25
8896,Cluster:25
9039,Cluster:25
9270,Cluster:25
9282,Cluster:25
9337,Cluster:25
9380,Cluster:25
9556,Cluster:25
9559,Cluster:25
9648,Cluster:25
9667,Cluster:25
9688,Cluster:25
9716,Cluster:25
9733,Cluster:25
9943,Cluster:25
10048,Cluster:25
10061,Cluster:25
10269,Cluster:25
10296,Cluster:25
10440,Cluster:25
10456,Cluster:25
10466,Cluster:25
10483,Cluster:25
10569,Cluster:25
10600,Cluster:25
10664,Cluster:25
10713,Cluster:25
10746,Cluster:25
10767,Cluster:25
10902,Cluster:25
10904,Cluster:25
10905,Cluster:25
10910,Cluster:25
10975,Cluster:25
10987,Cluster:25
11143,Cluster:25
11163,Cluster:25
11164,Cluster:25
11336,Cluster:25
11345,Cluster:25
22828,Cluster:25
22887,Cluster:25
23047,Cluster:25
23071,Cluster:25
23160,Cluster:25
23184,Cluster:25
23248,Cluster:25
23262,Cluster:25
23269,Cluster:25
23307,Cluster:25
23479,Cluster:25
23505,Cluster:25
23512,Cluster:25
23588,Cluster:25
23637,Cluster:25
23786,Cluster:25
25909,Cluster:25
25963,Cluster:25
26017,Cluster:25
26019,Cluster:25
26036,Cluster:25
26060,Cluster:25
26091,Cluster:25
26092,Cluster:25
26258,Cluster:25
26985,Cluster:25
27072,Cluster:25
27089,Cluster:25
27229,Cluster:25
27243,Cluster:25
28977,Cluster:25
29068,Cluster:25
29102,Cluster:25
29115,Cluster:25
29889,Cluster:25
51031,Cluster:25
51056,Cluster:25
51060,Cluster:25
51068,Cluster:25
51105,Cluster:25
51128,Cluster:25
51144,Cluster:25
51202,Cluster:25
51230,Cluster:25
51234,Cluster:25
51253,Cluster:25
51283,Cluster:25
51304,Cluster:25
51324,Cluster:25
51374,Cluster:25
51398,Cluster:25
51428,Cluster:25
51434,Cluster:25
51447,Cluster:25
51506,Cluster:25
51510,Cluster:25
51534,Cluster:25
51535,Cluster:25
51667,Cluster:25
51699,Cluster:25
51726,Cluster:25
51759,Cluster:25
54439,Cluster:25
54458,Cluster:25
54467,Cluster:25
54469,Cluster:25
54471,Cluster:25
54476,Cluster:25
54539,Cluster:25
54606,Cluster:25
54737,Cluster:25
54805,Cluster:25
54915,Cluster:25
54989,Cluster:25
55004,Cluster:25
55015,Cluster:25
55066,Cluster:25
55108,Cluster:25
55197,Cluster:25
55226,Cluster:25
55421,Cluster:25
55585,Cluster:25
55591,Cluster:25
55623,Cluster:25
55661,Cluster:25
55668,Cluster:25
55677,Cluster:25
55681,Cluster:25
55683,Cluster:25
55717,Cluster:25
55746,Cluster:25
55755,Cluster:25
55858,Cluster:25
55884,Cluster:25
55968,Cluster:25
56647,Cluster:25
56888,Cluster:25
56943,Cluster:25
56947,Cluster:25
56993,Cluster:25
57132,Cluster:25
57510,Cluster:25
57602,Cluster:25
57645,Cluster:25
57708,Cluster:25
58477,Cluster:25
64432,Cluster:25
64746,Cluster:25
64777,Cluster:25
64969,Cluster:25
79036,Cluster:25
79813,Cluster:25
79932,Cluster:25
79939,Cluster:25
83658,Cluster:25
84181,Cluster:25
84193,Cluster:25
84376,Cluster:25
84458,Cluster:25
84641,Cluster:25
84901,Cluster:25
84950,Cluster:25
85476,Cluster:25
91369,Cluster:25
91612,Cluster:25
94056,Cluster:25
94081,Cluster:25
114049,Cluster:25
116064,Cluster:25
116228,Cluster:25
118987,Cluster:25
128977,Cluster:25
133619,Cluster:25
134218,Cluster:25
151987,Cluster:25
153527,Cluster:25
154881,Cluster:25
253143,Cluster:25
284058,Cluster:25
284618,Cluster:25
100506710,Cluster:25
34,Cluster:24
38,Cluster:24
159,Cluster:24
211,Cluster:24
405,Cluster:24
740,Cluster:24
746,Cluster:24
865,Cluster:24
892,Cluster:24
905,Cluster:24
1155,Cluster:24
1176,Cluster:24
1385,Cluster:24
1386,Cluster:24
1635,Cluster:24
1737,Cluster:24
1854,Cluster:24
1939,Cluster:24
1967,Cluster:24
1977,Cluster:24
2071,Cluster:24
2631,Cluster:24
2720,Cluster:24
2957,Cluster:24
3416,Cluster:24
3475,Cluster:24
3476,Cluster:24
3712,Cluster:24
3980,Cluster:24
4201,Cluster:24
4259,Cluster:24
4698,Cluster:24
4700,Cluster:24
4716,Cluster:24
4728,Cluster:24
4733,Cluster:24
4771,Cluster:24
4891,Cluster:24
4905,Cluster:24
5134,Cluster:24
5238,Cluster:24
5433,Cluster:24
5436,Cluster:24
5495,Cluster:24
5504,Cluster:24
5510,Cluster:24
5546,Cluster:24
5571,Cluster:24
5825,Cluster:24
5898,Cluster:24
5921,Cluster:24
5965,Cluster:24
5977,Cluster:24
6009,Cluster:24
6293,Cluster:24
6311,Cluster:24
6433,Cluster:24
6629,Cluster:24
6827,Cluster:24
6868,Cluster:24
6885,Cluster:24
7019,Cluster:24
7029,Cluster:24
7248,Cluster:24
7251,Cluster:24
7257,Cluster:24
7265,Cluster:24
7307,Cluster:24
7320,Cluster:24
7389,Cluster:24
7411,Cluster:24
7707,Cluster:24
7786,Cluster:24
7884,Cluster:24
7936,Cluster:24
8019,Cluster:24
8065,Cluster:24
8402,Cluster:24
8405,Cluster:24
8443,Cluster:24
8520,Cluster:24
8563,Cluster:24
8841,Cluster:24
8883,Cluster:24
8893,Cluster:24
9093,Cluster:24
9129,Cluster:24
9140,Cluster:24
9209,Cluster:24
9255,Cluster:24
9321,Cluster:24
9382,Cluster:24
9524,Cluster:24
9525,Cluster:24
9527,Cluster:24
9529,Cluster:24
9557,Cluster:24
9616,Cluster:24
9682,Cluster:24
9702,Cluster:24
9730,Cluster:24
9812,Cluster:24
9870,Cluster:24
9885,Cluster:24
9897,Cluster:24
9913,Cluster:24
9978,Cluster:24
9990,Cluster:24
10056,Cluster:24
10067,Cluster:24
10087,Cluster:24
10193,Cluster:24
10239,Cluster:24
10274,Cluster:24
10311,Cluster:24
10330,Cluster:24
10367,Cluster:24
10445,Cluster:24
10533,Cluster:24
10539,Cluster:24
10542,Cluster:24
10614,Cluster:24
10766,Cluster:24
10845,Cluster:24
10920,Cluster:24
10952,Cluster:24
11056,Cluster:24
11124,Cluster:24
11137,Cluster:24
11160,Cluster:24
11196,Cluster:24
11267,Cluster:24
11276,Cluster:24
22878,Cluster:24
22879,Cluster:24
22889,Cluster:24
22908,Cluster:24
23008,Cluster:24
23014,Cluster:24
23137,Cluster:24
23161,Cluster:24
23173,Cluster:24
23192,Cluster:24
23203,Cluster:24
23256,Cluster:24
23318,Cluster:24
23484,Cluster:24
23759,Cluster:24
24144,Cluster:24
25813,Cluster:24
25828,Cluster:24
25839,Cluster:24
25852,Cluster:24
25948,Cluster:24
26009,Cluster:24
26024,Cluster:24
26046,Cluster:24
26121,Cluster:24
26225,Cluster:24
26268,Cluster:24
26502,Cluster:24
26512,Cluster:24
26574,Cluster:24
27246,Cluster:24
27248,Cluster:24
27342,Cluster:24
28973,Cluster:24
28974,Cluster:24
29066,Cluster:24
29086,Cluster:24
29796,Cluster:24
51024,Cluster:24
51028,Cluster:24
51081,Cluster:24
51090,Cluster:24
51111,Cluster:24
51123,Cluster:24
51125,Cluster:24
51143,Cluster:24
51292,Cluster:24
51300,Cluster:24
51321,Cluster:24
51372,Cluster:24
51382,Cluster:24
51400,Cluster:24
51406,Cluster:24
51496,Cluster:24
51574,Cluster:24
51594,Cluster:24
51639,Cluster:24
51692,Cluster:24
54165,Cluster:24
54460,Cluster:24
54520,Cluster:24
54700,Cluster:24
54853,Cluster:24
54878,Cluster:24
54902,Cluster:24
55051,Cluster:24
55052,Cluster:24
55131,Cluster:24
55174,Cluster:24
55239,Cluster:24
55251,Cluster:24
55308,Cluster:24
55341,Cluster:24
55505,Cluster:24
55578,Cluster:24
55651,Cluster:24
55656,Cluster:24
55669,Cluster:24
55692,Cluster:24
55696,Cluster:24
55707,Cluster:24
55735,Cluster:24
55744,Cluster:24
55813,Cluster:24
55831,Cluster:24
55833,Cluster:24
55862,Cluster:24
56254,Cluster:24
56948,Cluster:24
56951,Cluster:24
57020,Cluster:24
57231,Cluster:24
57403,Cluster:24
57459,Cluster:24
57470,Cluster:24
57472,Cluster:24
57599,Cluster:24
57606,Cluster:24
59343,Cluster:24
60488,Cluster:24
60496,Cluster:24
60509,Cluster:24
64422,Cluster:24
64426,Cluster:24
64645,Cluster:24
64682,Cluster:24
64769,Cluster:24
65979,Cluster:24
79048,Cluster:24
79086,Cluster:24
79577,Cluster:24
79665,Cluster:24
79960,Cluster:24
80018,Cluster:24
80179,Cluster:24
80347,Cluster:24
81533,Cluster:24
81608,Cluster:24
81609,Cluster:24
81887,Cluster:24
81929,Cluster:24
83443,Cluster:24
83892,Cluster:24
84128,Cluster:24
84138,Cluster:24
84146,Cluster:24
84272,Cluster:24
84300,Cluster:24
84324,Cluster:24
84661,Cluster:24
84833,Cluster:24
84896,Cluster:24
85007,Cluster:24
85403,Cluster:24
89910,Cluster:24
91408,Cluster:24
92609,Cluster:24
92856,Cluster:24
94005,Cluster:24
114932,Cluster:24
134430,Cluster:24
134553,Cluster:24
147179,Cluster:24
149041,Cluster:24
162427,Cluster:24
167153,Cluster:24
196528,Cluster:24
203547,Cluster:24
205564,Cluster:24
255967,Cluster:24
261726,Cluster:24
286451,Cluster:24
317662,Cluster:24
401505,Cluster:24
553115,Cluster:24
641638,Cluster:24
647087,Cluster:24
100287932,Cluster:24
100505876,Cluster:24
100528064,Cluster:24
100996939,Cluster:24
102724594,Cluster:24
545,Cluster:89
673,Cluster:89
757,Cluster:89
889,Cluster:89
902,Cluster:89
1353,Cluster:89
1355,Cluster:89
1371,Cluster:89
1725,Cluster:89
1861,Cluster:89
2531,Cluster:89
2551,Cluster:89
2553,Cluster:89
2733,Cluster:89
2937,Cluster:89
2965,Cluster:89
3028,Cluster:89
3163,Cluster:89
3421,Cluster:89
4292,Cluster:89
4528,Cluster:89
4649,Cluster:89
4706,Cluster:89
4726,Cluster:89
4731,Cluster:89
4798,Cluster:89
4802,Cluster:89
5073,Cluster:89
5201,Cluster:89
5289,Cluster:89
5393,Cluster:89
5437,Cluster:89
5451,Cluster:89
5481,Cluster:89
5511,Cluster:89
5519,Cluster:89
5601,Cluster:89
5716,Cluster:89
5910,Cluster:89
6118,Cluster:89
6120,Cluster:89
6341,Cluster:89
6619,Cluster:89
6814,Cluster:89
6873,Cluster:89
6921,Cluster:89
6944,Cluster:89
6992,Cluster:89
6993,Cluster:89
7508,Cluster:89
7543,Cluster:89
7581,Cluster:89
7690,Cluster:89
8028,Cluster:89
8086,Cluster:89
8260,Cluster:89
8409,Cluster:89
8453,Cluster:89
8480,Cluster:89
8550,Cluster:89
8697,Cluster:89
8774,Cluster:89
8882,Cluster:89
8930,Cluster:89
9070,Cluster:89
9113,Cluster:89
9117,Cluster:89
9128,Cluster:89
9131,Cluster:89
9141,Cluster:89
9191,Cluster:89
9277,Cluster:89
9330,Cluster:89
9410,Cluster:89
9439,Cluster:89
9526,Cluster:89
9604,Cluster:89
9673,Cluster:89
9678,Cluster:89
9692,Cluster:89
9789,Cluster:89
9801,Cluster:89
9819,Cluster:89
9847,Cluster:89
9869,Cluster:89
9960,Cluster:89
10011,Cluster:89
10084,Cluster:89
10162,Cluster:89
10199,Cluster:89
10237,Cluster:89
10363,Cluster:89
10390,Cluster:89
10428,Cluster:89
10430,Cluster:89
10450,Cluster:89
10455,Cluster:89
10467,Cluster:89
10477,Cluster:89
10524,Cluster:89
10548,Cluster:89
10558,Cluster:89
10605,Cluster:89
10617,Cluster:89
10884,Cluster:89
10906,Cluster:89
10907,Cluster:89
11016,Cluster:89
11128,Cluster:89
11152,Cluster:89
11212,Cluster:89
11235,Cluster:89
11321,Cluster:89
11342,Cluster:89
22880,Cluster:89
23029,Cluster:89
23033,Cluster:89
23132,Cluster:89
23142,Cluster:89
23155,Cluster:89
23211,Cluster:89
23219,Cluster:89
23234,Cluster:89
23355,Cluster:89
23376,Cluster:89
23510,Cluster:89
23514,Cluster:89
23515,Cluster:89
23518,Cluster:89
23522,Cluster:89
23528,Cluster:89
23568,Cluster:89
23582,Cluster:89
23609,Cluster:89
23761,Cluster:89
25764,Cluster:89
25843,Cluster:89
25847,Cluster:89
25871,Cluster:89
25874,Cluster:89
25875,Cluster:89
25917,Cluster:89
25940,Cluster:89
25949,Cluster:89
25978,Cluster:89
26127,Cluster:89
26263,Cluster:89
26273,Cluster:89
26284,Cluster:89
26286,Cluster:89
27000,Cluster:89
27067,Cluster:89
27068,Cluster:89
27095,Cluster:89
27107,Cluster:89
27258,Cluster:89
28511,Cluster:89
29074,Cluster:89
29081,Cluster:89
29097,Cluster:89
29899,Cluster:89
29925,Cluster:89
29934,Cluster:89
29966,Cluster:89
50640,Cluster:89
50813,Cluster:89
50862,Cluster:89
51006,Cluster:89
51009,Cluster:89
51020,Cluster:89
51026,Cluster:89
51124,Cluster:89
51126,Cluster:89
51185,Cluster:89
51218,Cluster:89
51255,Cluster:89
51263,Cluster:89
51290,Cluster:89
51377,Cluster:89
51389,Cluster:89
51399,Cluster:89
51455,Cluster:89
51490,Cluster:89
51491,Cluster:89
51503,Cluster:89
51528,Cluster:89
51529,Cluster:89
51567,Cluster:89
51606,Cluster:89
51622,Cluster:89
51635,Cluster:89
51643,Cluster:89
51649,Cluster:89
51651,Cluster:89
51808,Cluster:89
54187,Cluster:89
54505,Cluster:89
54529,Cluster:89
54537,Cluster:89
54545,Cluster:89
54617,Cluster:89
54788,Cluster:89
54808,Cluster:89
54849,Cluster:89
54865,Cluster:89
54872,Cluster:89
54876,Cluster:89
54881,Cluster:89
55011,Cluster:89
55017,Cluster:89
55035,Cluster:89
55109,Cluster:89
55148,Cluster:89
55152,Cluster:89
55153,Cluster:89
55156,Cluster:89
55173,Cluster:89
55216,Cluster:89
55246,Cluster:89
55255,Cluster:89
55269,Cluster:89
55272,Cluster:89
55288,Cluster:89
55324,Cluster:89
55333,Cluster:89
55527,Cluster:89
55571,Cluster:89
55588,Cluster:89
55718,Cluster:89
55719,Cluster:89
55727,Cluster:89
55745,Cluster:89
55758,Cluster:89
55759,Cluster:89
55763,Cluster:89
55770,Cluster:89
55773,Cluster:89
55795,Cluster:89
55802,Cluster:89
55860,Cluster:89
55967,Cluster:89
55973,Cluster:89
56181,Cluster:89
56259,Cluster:89
56616,Cluster:89
56851,Cluster:89
56916,Cluster:89
56984,Cluster:89
57019,Cluster:89
57095,Cluster:89
57226,Cluster:89
57446,Cluster:89
57826,Cluster:89
57862,Cluster:89
58486,Cluster:89
59349,Cluster:89
60682,Cluster:89
64145,Cluster:89
64326,Cluster:89
64343,Cluster:89
64429,Cluster:89
64745,Cluster:89
64786,Cluster:89
64848,Cluster:89
64924,Cluster:89
64951,Cluster:89
64983,Cluster:89
65005,Cluster:89
65265,Cluster:89
65991,Cluster:89
79001,Cluster:89
79009,Cluster:89
79066,Cluster:89
79081,Cluster:89
79084,Cluster:89
79172,Cluster:89
79269,Cluster:89
79664,Cluster:89
79699,Cluster:89
79719,Cluster:89
79726,Cluster:89
79876,Cluster:89
79902,Cluster:89
79918,Cluster:89
79982,Cluster:89
80025,Cluster:89
80124,Cluster:89
80143,Cluster:89
80145,Cluster:89
80196,Cluster:89
80273,Cluster:89
80349,Cluster:89
80856,Cluster:89
81488,Cluster:89
81545,Cluster:89
81555,Cluster:89
81605,Cluster:89
81853,Cluster:89
81873,Cluster:89
81875,Cluster:89
84079,Cluster:89
84153,Cluster:89
84263,Cluster:89
84268,Cluster:89
84313,Cluster:89
84320,Cluster:89
84340,Cluster:89
84342,Cluster:89
84365,Cluster:89
84859,Cluster:89
84897,Cluster:89
84908,Cluster:89
84914,Cluster:89
84916,Cluster:89
84923,Cluster:89
84939,Cluster:89
84942,Cluster:89
85021,Cluster:89
85369,Cluster:89
85406,Cluster:89
87178,Cluster:89
89781,Cluster:89
89970,Cluster:89
90799,Cluster:89
92703,Cluster:89
94101,Cluster:89
96459,Cluster:89
114971,Cluster:89
117584,Cluster:89
118460,Cluster:89
121665,Cluster:89
124446,Cluster:89
128240,Cluster:89
140459,Cluster:89
140901,Cluster:89
142891,Cluster:89
158293,Cluster:89
165918,Cluster:89
192286,Cluster:89
197131,Cluster:89
200185,Cluster:89
221960,Cluster:89
254225,Cluster:89
280636,Cluster:89
283335,Cluster:89
283635,Cluster:89
284695,Cluster:89
285148,Cluster:89
285636,Cluster:89
337867,Cluster:89
348995,Cluster:89
374354,Cluster:89
387521,Cluster:89
389541,Cluster:89
440026,Cluster:89
440574,Cluster:89
494115,Cluster:89
643155,Cluster:89
100526740,Cluster:89
100532726,Cluster:89
100534592,Cluster:89
108903150,Cluster:89
132,Cluster:10
583,Cluster:10
819,Cluster:10
1203,Cluster:10
1456,Cluster:10
1477,Cluster:10
1479,Cluster:10
1716,Cluster:10
1798,Cluster:10
1819,Cluster:10
1998,Cluster:10
2140,Cluster:10
2647,Cluster:10
2958,Cluster:10
2992,Cluster:10
4236,Cluster:10
4287,Cluster:10
4358,Cluster:10
4361,Cluster:10
4552,Cluster:10
4695,Cluster:10
4702,Cluster:10
4707,Cluster:10
4724,Cluster:10
4817,Cluster:10
4999,Cluster:10
5000,Cluster:10
5202,Cluster:10
5373,Cluster:10
5435,Cluster:10
5439,Cluster:10
5440,Cluster:10
5635,Cluster:10
5700,Cluster:10
5715,Cluster:10
5771,Cluster:10
5810,Cluster:10
5826,Cluster:10
5926,Cluster:10
5929,Cluster:10
6606,Cluster:10
6627,Cluster:10
6635,Cluster:10
6728,Cluster:10
6996,Cluster:10
7014,Cluster:10
7372,Cluster:10
7551,Cluster:10
7965,Cluster:10
8027,Cluster:10
8050,Cluster:10
8195,Cluster:10
8481,Cluster:10
8575,Cluster:10
8603,Cluster:10
8634,Cluster:10
8649,Cluster:10
8703,Cluster:10
8723,Cluster:10
8813,Cluster:10
8890,Cluster:10
9063,Cluster:10
9197,Cluster:10
9326,Cluster:10
9342,Cluster:10
9425,Cluster:10
9440,Cluster:10
9474,Cluster:10
9552,Cluster:10
9553,Cluster:10
9570,Cluster:10
9675,Cluster:10
9724,Cluster:10
9731,Cluster:10
9904,Cluster:10
9984,Cluster:10
9994,Cluster:10
10010,Cluster:10
10026,Cluster:10
10042,Cluster:10
10179,Cluster:10
10206,Cluster:10
10210,Cluster:10
10254,Cluster:10
10270,Cluster:10
10285,Cluster:10
10286,Cluster:10
10422,Cluster:10
10469,Cluster:10
10488,Cluster:10
11011,Cluster:10
11101,Cluster:10
11102,Cluster:10
11216,Cluster:10
11243,Cluster:10
11258,Cluster:10
11269,Cluster:10
11311,Cluster:10
11319,Cluster:10
11340,Cluster:10
22796,Cluster:10
22834,Cluster:10
22850,Cluster:10
22868,Cluster:10
22950,Cluster:10
23016,Cluster:10
23205,Cluster:10
23398,Cluster:10
23404,Cluster:10
23545,Cluster:10
23587,Cluster:10
23658,Cluster:10
24140,Cluster:10
25904,Cluster:10
25915,Cluster:10
25938,Cluster:10
25977,Cluster:10
25980,Cluster:10
26123,Cluster:10
26515,Cluster:10
26995,Cluster:10
27297,Cluster:10
27309,Cluster:10
27429,Cluster:10
29079,Cluster:10
29082,Cluster:10
29088,Cluster:10
29095,Cluster:10
29110,Cluster:10
29980,Cluster:10
51070,Cluster:10
51077,Cluster:10
51096,Cluster:10
51115,Cluster:10
51117,Cluster:10
51118,Cluster:10
51122,Cluster:10
51182,Cluster:10
51194,Cluster:10
51264,Cluster:10
51287,Cluster:10
51318,Cluster:10
51340,Cluster:10
51362,Cluster:10
51526,Cluster:10
51538,Cluster:10
51550,Cluster:10
51603,Cluster:10
51647,Cluster:10
51691,Cluster:10
51720,Cluster:10
53371,Cluster:10
53944,Cluster:10
54455,Cluster:10
54675,Cluster:10
54708,Cluster:10
54778,Cluster:10
54811,Cluster:10
54816,Cluster:10
54939,Cluster:10
54948,Cluster:10
54978,Cluster:10
55054,Cluster:10
55101,Cluster:10
55140,Cluster:10
55245,Cluster:10
55253,Cluster:10
55284,Cluster:10
55486,Cluster:10
55526,Cluster:10
55596,Cluster:10
55680,Cluster:10
55726,Cluster:10
55750,Cluster:10
55751,Cluster:10
55760,Cluster:10
55768,Cluster:10
55787,Cluster:10
55798,Cluster:10
55829,Cluster:10
55830,Cluster:10
55844,Cluster:10
55846,Cluster:10
55856,Cluster:10
56683,Cluster:10
56919,Cluster:10
56941,Cluster:10
56942,Cluster:10
56945,Cluster:10
56954,Cluster:10
57017,Cluster:10
57038,Cluster:10
57050,Cluster:10
57129,Cluster:10
57157,Cluster:10
57380,Cluster:10
57456,Cluster:10
57461,Cluster:10
57693,Cluster:10
57798,Cluster:10
58490,Cluster:10
58515,Cluster:10
60485,Cluster:10
60492,Cluster:10
60558,Cluster:10
63826,Cluster:10
63875,Cluster:10
63877,Cluster:10
63892,Cluster:10
64121,Cluster:10
64708,Cluster:10
64766,Cluster:10
64853,Cluster:10
64968,Cluster:10
65082,Cluster:10
65110,Cluster:10
78996,Cluster:10
79004,Cluster:10
79033,Cluster:10
79571,Cluster:10
79590,Cluster:10
79657,Cluster:10
79707,Cluster:10
79868,Cluster:10
79872,Cluster:10
79912,Cluster:10
79947,Cluster:10
79954,Cluster:10
80135,Cluster:10
80146,Cluster:10
80153,Cluster:10
80213,Cluster:10
80308,Cluster:10
80314,Cluster:10
81556,Cluster:10
83746,Cluster:10
83930,Cluster:10
83940,Cluster:10
84081,Cluster:10
84191,Cluster:10
84284,Cluster:10
84311,Cluster:10
84337,Cluster:10
84498,Cluster:10
84545,Cluster:10
84549,Cluster:10
84817,Cluster:10
84864,Cluster:10
84912,Cluster:10
84946,Cluster:10
84993,Cluster:10
85437,Cluster:10
85451,Cluster:10
85459,Cluster:10
88745,Cluster:10
90121,Cluster:10
90806,Cluster:10
91012,Cluster:10
92399,Cluster:10
92400,Cluster:10
92482,Cluster:10
92675,Cluster:10
93380,Cluster:10
112495,Cluster:10
112950,Cluster:10
113402,Cluster:10
114044,Cluster:10
115752,Cluster:10
116254,Cluster:10
116841,Cluster:10
123811,Cluster:10
124944,Cluster:10
124995,Cluster:10
128338,Cluster:10
130916,Cluster:10
134510,Cluster:10
137492,Cluster:10
144108,Cluster:10
147339,Cluster:10
150275,Cluster:10
150472,Cluster:10
152100,Cluster:10
158427,Cluster:10
163049,Cluster:10
170622,Cluster:10
192669,Cluster:10
201626,Cluster:10
222194,Cluster:10
282991,Cluster:10
388969,Cluster:10
400506,Cluster:10
401466,Cluster:10
402055,Cluster:10
414777,Cluster:10
497661,Cluster:10
728642,Cluster:10
730051,Cluster:10
100526783,Cluster:10
100529097,Cluster:10
100529261,Cluster:10
102724023,Cluster:10
384,Cluster:66
475,Cluster:66
957,Cluster:66
1039,Cluster:66
1069,Cluster:66
1629,Cluster:66
1662,Cluster:66
1875,Cluster:66
2110,Cluster:66
2235,Cluster:66
2800,Cluster:66
2963,Cluster:66
2967,Cluster:66
3704,Cluster:66
4253,Cluster:66
4338,Cluster:66
4594,Cluster:66
4636,Cluster:66
4696,Cluster:66
4709,Cluster:66
4712,Cluster:66
4717,Cluster:66
4801,Cluster:66
4850,Cluster:66
4863,Cluster:66
4931,Cluster:66
4968,Cluster:66
5189,Cluster:66
5229,Cluster:66
5261,Cluster:66
5281,Cluster:66
5564,Cluster:66
5636,Cluster:66
5828,Cluster:66
5884,Cluster:66
5985,Cluster:66
6016,Cluster:66
6048,Cluster:66
6388,Cluster:66
6477,Cluster:66
6683,Cluster:66
6787,Cluster:66
6815,Cluster:66
6832,Cluster:66
6882,Cluster:66
7156,Cluster:66
7444,Cluster:66
7515,Cluster:66
7587,Cluster:66
7597,Cluster:66
8209,Cluster:66
8315,Cluster:66
8505,Cluster:66
8569,Cluster:66
8625,Cluster:66
8732,Cluster:66
8818,Cluster:66
8892,Cluster:66
8945,Cluster:66
9179,Cluster:66
9412,Cluster:66
9453,Cluster:66
9541,Cluster:66
9577,Cluster:66
9694,Cluster:66
9860,Cluster:66
10245,Cluster:66
10283,Cluster:66
10623,Cluster:66
10714,Cluster:66
10778,Cluster:66
10818,Cluster:66
10898,Cluster:66
10943,Cluster:66
11017,Cluster:66
11116,Cluster:66
11161,Cluster:66
11234,Cluster:66
11334,Cluster:66
23093,Cluster:66
23177,Cluster:66
23210,Cluster:66
23261,Cluster:66
23276,Cluster:66
23341,Cluster:66
23411,Cluster:66
23412,Cluster:66
23443,Cluster:66
23595,Cluster:66
25821,Cluster:66
25896,Cluster:66
25983,Cluster:66
26005,Cluster:66
26015,Cluster:66
26098,Cluster:66
26521,Cluster:66
27236,Cluster:66
28958,Cluster:66
28985,Cluster:66
28989,Cluster:66
28998,Cluster:66
29087,Cluster:66
29099,Cluster:66
29105,Cluster:66
29777,Cluster:66
29843,Cluster:66
29945,Cluster:66
29960,Cluster:66
51008,Cluster:66
51018,Cluster:66
51023,Cluster:66
51095,Cluster:66
51193,Cluster:66
51231,Cluster:66
51319,Cluster:66
51368,Cluster:66
51388,Cluster:66
51426,Cluster:66
51542,Cluster:66
51654,Cluster:66
51693,Cluster:66
54108,Cluster:66
54468,Cluster:66
54496,Cluster:66
54665,Cluster:66
54680,Cluster:66
54840,Cluster:66
54931,Cluster:66
54934,Cluster:66
54949,Cluster:66
54953,Cluster:66
54977,Cluster:66
54987,Cluster:66
55032,Cluster:66
55100,Cluster:66
55146,Cluster:66
55168,Cluster:66
55177,Cluster:66
55204,Cluster:66
55219,Cluster:66
55254,Cluster:66
55322,Cluster:66
55331,Cluster:66
55347,Cluster:66
55632,Cluster:66
55644,Cluster:66
55676,Cluster:66
55695,Cluster:66
55731,Cluster:66
55837,Cluster:66
55871,Cluster:66
55975,Cluster:66
56478,Cluster:66
56946,Cluster:66
57620,Cluster:66
57646,Cluster:66
57695,Cluster:66
57696,Cluster:66
57703,Cluster:66
58493,Cluster:66
60314,Cluster:66
60560,Cluster:66
60673,Cluster:66
64224,Cluster:66
64395,Cluster:66
64434,Cluster:66
64963,Cluster:66
64965,Cluster:66
65003,Cluster:66
65080,Cluster:66
65244,Cluster:66
78988,Cluster:66
79038,Cluster:66
79053,Cluster:66
79145,Cluster:66
79183,Cluster:66
79447,Cluster:66
79680,Cluster:66
79691,Cluster:66
79706,Cluster:66
79714,Cluster:66
79717,Cluster:66
79752,Cluster:66
79829,Cluster:66
79871,Cluster:66
80222,Cluster:66
80254,Cluster:66
81034,Cluster:66
81573,Cluster:66
81689,Cluster:66
83732,Cluster:66
83759,Cluster:66
83786,Cluster:66
83877,Cluster:66
84064,Cluster:66
84065,Cluster:66
84142,Cluster:66
84154,Cluster:66
84280,Cluster:66
84285,Cluster:66
84294,Cluster:66
84298,Cluster:66
84865,Cluster:66
84869,Cluster:66
84928,Cluster:66
84961,Cluster:66
85313,Cluster:66
85364,Cluster:66
90196,Cluster:66
90326,Cluster:66
90441,Cluster:66
90550,Cluster:66
90639,Cluster:66
90809,Cluster:66
92170,Cluster:66
92335,Cluster:66
96764,Cluster:66
113444,Cluster:66
114799,Cluster:66
115286,Cluster:66
122553,Cluster:66
122704,Cluster:66
123169,Cluster:66
124491,Cluster:66
124808,Cluster:66
127253,Cluster:66
129685,Cluster:66
133686,Cluster:66
134492,Cluster:66
135152,Cluster:66
139322,Cluster:66
140461,Cluster:66
140739,Cluster:66
143570,Cluster:66
150684,Cluster:66
150776,Cluster:66
163859,Cluster:66
168451,Cluster:66
170960,Cluster:66
197370,Cluster:66
219402,Cluster:66
219927,Cluster:66
221294,Cluster:66
221830,Cluster:66
221955,Cluster:66
260294,Cluster:66
266655,Cluster:66
285268,Cluster:66
285381,Cluster:66
285672,Cluster:66
286101,Cluster:66
374395,Cluster:66
387263,Cluster:66
387893,Cluster:66
400818,Cluster:66
493856,Cluster:66
552900,Cluster:66
100129361,Cluster:66
100506755,Cluster:66
100526830,Cluster:66
102288414,Cluster:66
107282092,Cluster:66
403,Cluster:60
1022,Cluster:60
1060,Cluster:60
1121,Cluster:60
1376,Cluster:60
1652,Cluster:60
2074,Cluster:60
2790,Cluster:60
2959,Cluster:60
2961,Cluster:60
3612,Cluster:60
3633,Cluster:60
4116,Cluster:60
4520,Cluster:60
4580,Cluster:60
4690,Cluster:60
4701,Cluster:60
5082,Cluster:60
5194,Cluster:60
5378,Cluster:60
5438,Cluster:60
6045,Cluster:60
7172,Cluster:60
7181,Cluster:60
7268,Cluster:60
7469,Cluster:60
7485,Cluster:60
7553,Cluster:60
7582,Cluster:60
7748,Cluster:60
7918,Cluster:60
7982,Cluster:60
8161,Cluster:60
8548,Cluster:60
8624,Cluster:60
8726,Cluster:60
8891,Cluster:60
9175,Cluster:60
9204,Cluster:60
9397,Cluster:60
9533,Cluster:60
9650,Cluster:60
9657,Cluster:60
9786,Cluster:60
10001,Cluster:60
10081,Cluster:60
10102,Cluster:60
10190,Cluster:60
10208,Cluster:60
10302,Cluster:60
10328,Cluster:60
10380,Cluster:60
10479,Cluster:60
10556,Cluster:60
10651,Cluster:60
10671,Cluster:60
10775,Cluster:60
10806,Cluster:60
10813,Cluster:60
10849,Cluster:60
10947,Cluster:60
11097,Cluster:60
11218,Cluster:60
22863,Cluster:60
22976,Cluster:60
23099,Cluster:60
23556,Cluster:60
23557,Cluster:60
25842,Cluster:60
25898,Cluster:60
25906,Cluster:60
25936,Cluster:60
25972,Cluster:60
26230,Cluster:60
26235,Cluster:60
26275,Cluster:60
26292,Cluster:60
27034,Cluster:60
27109,Cluster:60
27257,Cluster:60
27300,Cluster:60
28956,Cluster:60
28970,Cluster:60
29080,Cluster:60
29093,Cluster:60
29919,Cluster:60
29928,Cluster:60
51030,Cluster:60
51069,Cluster:60
51071,Cluster:60
51072,Cluster:60
51249,Cluster:60
51379,Cluster:60
51390,Cluster:60
51451,Cluster:60
51499,Cluster:60
51501,Cluster:60
51524,Cluster:60
51527,Cluster:60
51650,Cluster:60
53918,Cluster:60
54521,Cluster:60
54534,Cluster:60
54780,Cluster:60
54834,Cluster:60
54883,Cluster:60
55003,Cluster:60
55012,Cluster:60
55028,Cluster:60
55081,Cluster:60
55120,Cluster:60
55132,Cluster:60
55142,Cluster:60
55154,Cluster:60
55266,Cluster:60
55280,Cluster:60
55297,Cluster:60
55325,Cluster:60
55425,Cluster:60
55572,Cluster:60
55631,Cluster:60
55709,Cluster:60
55781,Cluster:60
55892,Cluster:60
56267,Cluster:60
56902,Cluster:60
57325,Cluster:60
57489,Cluster:60
57508,Cluster:60
57511,Cluster:60
57563,Cluster:60
57721,Cluster:60
57819,Cluster:60
60493,Cluster:60
60561,Cluster:60
63929,Cluster:60
63931,Cluster:60
63939,Cluster:60
64132,Cluster:60
64215,Cluster:60
64282,Cluster:60
64418,Cluster:60
64895,Cluster:60
64976,Cluster:60
64981,Cluster:60
65109,Cluster:60
65258,Cluster:60
65977,Cluster:60
65996,Cluster:60
66036,Cluster:60
79005,Cluster:60
79035,Cluster:60
79074,Cluster:60
79096,Cluster:60
79184,Cluster:60
79369,Cluster:60
79621,Cluster:60
79631,Cluster:60
79672,Cluster:60
79675,Cluster:60
79768,Cluster:60
79796,Cluster:60
79809,Cluster:60
79877,Cluster:60
80006,Cluster:60
80207,Cluster:60
80219,Cluster:60
80755,Cluster:60
80862,Cluster:60
80895,Cluster:60
81579,Cluster:60
81627,Cluster:60
83695,Cluster:60
83787,Cluster:60
83989,Cluster:60
84135,Cluster:60
84186,Cluster:60
84220,Cluster:60
84246,Cluster:60
84262,Cluster:60
84273,Cluster:60
84274,Cluster:60
84287,Cluster:60
84292,Cluster:60
84316,Cluster:60
84321,Cluster:60
84328,Cluster:60
84513,Cluster:60
84522,Cluster:60
84844,Cluster:60
84881,Cluster:60
85865,Cluster:60
90407,Cluster:60
90624,Cluster:60
90871,Cluster:60
90957,Cluster:60
92105,Cluster:60
92667,Cluster:60
93134,Cluster:60
93627,Cluster:60
93973,Cluster:60
112942,Cluster:60
114825,Cluster:60
114885,Cluster:60
116068,Cluster:60
116461,Cluster:60
120534,Cluster:60
121053,Cluster:60
121260,Cluster:60
124641,Cluster:60
129787,Cluster:60
134266,Cluster:60
143187,Cluster:60
147007,Cluster:60
149371,Cluster:60
150678,Cluster:60
151903,Cluster:60
154007,Cluster:60
165324,Cluster:60
168850,Cluster:60
205327,Cluster:60
220074,Cluster:60
220869,Cluster:60
221443,Cluster:60
246243,Cluster:60
253959,Cluster:60
255520,Cluster:60
256356,Cluster:60
257160,Cluster:60
283464,Cluster:60
284106,Cluster:60
284565,Cluster:60
285237,Cluster:60
285367,Cluster:60
339230,Cluster:60
339448,Cluster:60
343099,Cluster:60
374986,Cluster:60
375748,Cluster:60
389362,Cluster:60
440944,Cluster:60
552891,Cluster:60
647135,Cluster:60
653464,Cluster:60
728340,Cluster:60
100037417,Cluster:60
100526831,Cluster:60
100885850,Cluster:60
102157402,Cluster:60
411,Cluster:29
466,Cluster:29
617,Cluster:29
2342,Cluster:29
2483,Cluster:29
2585,Cluster:29
2592,Cluster:29
2595,Cluster:29
2639,Cluster:29
2966,Cluster:29
3052,Cluster:29
3155,Cluster:29
4437,Cluster:29
4750,Cluster:29
5001,Cluster:29
5188,Cluster:29
5279,Cluster:29
5316,Cluster:29
5423,Cluster:29
5875,Cluster:29
6119,Cluster:29
6231,Cluster:29
6788,Cluster:29
6834,Cluster:29
6883,Cluster:29
6884,Cluster:29
6895,Cluster:29
6903,Cluster:29
6936,Cluster:29
7260,Cluster:29
7270,Cluster:29
7347,Cluster:29
7355,Cluster:29
7542,Cluster:29
7627,Cluster:29
7702,Cluster:29
8446,Cluster:29
8479,Cluster:29
8493,Cluster:29
8576,Cluster:29
8799,Cluster:29
8834,Cluster:29
8915,Cluster:29
9025,Cluster:29
9054,Cluster:29
9183,Cluster:29
9367,Cluster:29
9519,Cluster:29
9587,Cluster:29
9896,Cluster:29
9946,Cluster:29
10005,Cluster:29
10063,Cluster:29
10196,Cluster:29
10244,Cluster:29
10248,Cluster:29
10282,Cluster:29
10465,Cluster:29
10478,Cluster:29
10559,Cluster:29
10641,Cluster:29
10717,Cluster:29
10795,Cluster:29
10827,Cluster:29
10954,Cluster:29
11066,Cluster:29
11179,Cluster:29
11193,Cluster:29
23087,Cluster:29
23172,Cluster:29
23252,Cluster:29
23354,Cluster:29
23378,Cluster:29
23421,Cluster:29
23431,Cluster:29
23536,Cluster:29
23660,Cluster:29
25913,Cluster:29
25934,Cluster:29
26061,Cluster:29
26164,Cluster:29
26503,Cluster:29
26519,Cluster:29
26589,Cluster:29
27247,Cluster:29
27252,Cluster:29
27301,Cluster:29
28957,Cluster:29
28991,Cluster:29
29090,Cluster:29
29100,Cluster:29
29880,Cluster:29
29893,Cluster:29
29914,Cluster:29
29916,Cluster:29
29982,Cluster:29
49855,Cluster:29
49856,Cluster:29
50485,Cluster:29
50814,Cluster:29
51004,Cluster:29
51010,Cluster:29
51011,Cluster:29
51013,Cluster:29
51015,Cluster:29
51098,Cluster:29
51130,Cluster:29
51184,Cluster:29
51244,Cluster:29
51463,Cluster:29
51588,Cluster:29
51605,Cluster:29
51611,Cluster:29
51633,Cluster:29
51642,Cluster:29
51657,Cluster:29
51668,Cluster:29
53343,Cluster:29
53407,Cluster:29
54148,Cluster:29
54432,Cluster:29
54516,Cluster:29
54536,Cluster:29
54802,Cluster:29
54813,Cluster:29
54859,Cluster:29
54936,Cluster:29
54965,Cluster:29
54968,Cluster:29
55014,Cluster:29
55027,Cluster:29
55112,Cluster:29
55133,Cluster:29
55181,Cluster:29
55192,Cluster:29
55270,Cluster:29
55278,Cluster:29
55279,Cluster:29
55319,Cluster:29
55435,Cluster:29
55471,Cluster:29
55602,Cluster:29
55610,Cluster:29
55622,Cluster:29
55777,Cluster:29
55791,Cluster:29
55909,Cluster:29
55972,Cluster:29
56052,Cluster:29
56983,Cluster:29
56986,Cluster:29
57128,Cluster:29
57147,Cluster:29
57149,Cluster:29
57409,Cluster:29
57465,Cluster:29
57541,Cluster:29
57570,Cluster:29
57621,Cluster:29
58497,Cluster:29
60491,Cluster:29
63894,Cluster:29
63897,Cluster:29
64376,Cluster:29
64431,Cluster:29
64852,Cluster:29
79003,Cluster:29
79064,Cluster:29
79178,Cluster:29
79441,Cluster:29
79576,Cluster:29
79596,Cluster:29
79607,Cluster:29
79612,Cluster:29
79618,Cluster:29
79648,Cluster:29
79828,Cluster:29
79848,Cluster:29
79980,Cluster:29
80013,Cluster:29
80067,Cluster:29
80227,Cluster:29
80262,Cluster:29
81572,Cluster:29
81790,Cluster:29
81889,Cluster:29
83636,Cluster:29
83941,Cluster:29
84124,Cluster:29
84132,Cluster:29
84167,Cluster:29
84236,Cluster:29
84240,Cluster:29
84305,Cluster:29
84334,Cluster:29
84336,Cluster:29
84437,Cluster:29
84820,Cluster:29
84902,Cluster:29
84904,Cluster:29
84932,Cluster:29
84936,Cluster:29
84967,Cluster:29
84975,Cluster:29
84987,Cluster:29
90321,Cluster:29
90410,Cluster:29
90459,Cluster:29
91298,Cluster:29
91574,Cluster:29
91833,Cluster:29
91869,Cluster:29
92715,Cluster:29
93594,Cluster:29
114327,Cluster:29
114791,Cluster:29
115353,Cluster:29
116540,Cluster:29
118487,Cluster:29
118924,Cluster:29
123207,Cluster:29
123803,Cluster:29
124817,Cluster:29
125228,Cluster:29
128308,Cluster:29
129285,Cluster:29
129531,Cluster:29
129563,Cluster:29
131118,Cluster:29
132320,Cluster:29
132660,Cluster:29
132789,Cluster:29
133957,Cluster:29
136647,Cluster:29
137392,Cluster:29
138199,Cluster:29
145483,Cluster:29
146923,Cluster:29
148413,Cluster:29
148423,Cluster:29
151050,Cluster:29
151188,Cluster:29
151195,Cluster:29
153396,Cluster:29
158747,Cluster:29
170384,Cluster:29
201266,Cluster:29
203069,Cluster:29
254170,Cluster:29
255252,Cluster:29
255812,Cluster:29
282809,Cluster:29
283377,Cluster:29
283970,Cluster:29
285282,Cluster:29
285331,Cluster:29
285343,Cluster:29
285550,Cluster:29
326625,Cluster:29
339175,Cluster:29
339231,Cluster:29
339487,Cluster:29
374868,Cluster:29
388789,Cluster:29
401541,Cluster:29
404636,Cluster:29
404672,Cluster:29
440138,Cluster:29
445571,Cluster:29
493753,Cluster:29
550643,Cluster:29
595101,Cluster:29
643836,Cluster:29
644019,Cluster:29
653519,Cluster:29
729540,Cluster:29
100131801,Cluster:29
100527963,Cluster:29
110091775,Cluster:29
172,Cluster:88
585,Cluster:88
1024,Cluster:88
1352,Cluster:88
1390,Cluster:88
1478,Cluster:88
3364,Cluster:88
3396,Cluster:88
3621,Cluster:88
3682,Cluster:88
4331,Cluster:88
4682,Cluster:88
4899,Cluster:88
5195,Cluster:88
5260,Cluster:88
5303,Cluster:88
5395,Cluster:88
5805,Cluster:88
5892,Cluster:88
6399,Cluster:88
6871,Cluster:88
6908,Cluster:88
7574,Cluster:88
7769,Cluster:88
7776,Cluster:88
8034,Cluster:88
8089,Cluster:88
8559,Cluster:88
9166,Cluster:88
9325,Cluster:88
9419,Cluster:88
9477,Cluster:88
9482,Cluster:88
9681,Cluster:88
9841,Cluster:88
9851,Cluster:88
10073,Cluster:88
10138,Cluster:88
10168,Cluster:88
10171,Cluster:88
10200,Cluster:88
10240,Cluster:88
10464,Cluster:88
11068,Cluster:88
11104,Cluster:88
11158,Cluster:88
11266,Cluster:88
22944,Cluster:88
23059,Cluster:88
23403,Cluster:88
23408,Cluster:88
23583,Cluster:88
25988,Cluster:88
26520,Cluster:88
27238,Cluster:88
27291,Cluster:88
27315,Cluster:88
29071,Cluster:88
30834,Cluster:88
51002,Cluster:88
51019,Cluster:88
51067,Cluster:88
51074,Cluster:88
51076,Cluster:88
51093,Cluster:88
51134,Cluster:88
51163,Cluster:88
51256,Cluster:88
51275,Cluster:88
51367,Cluster:88
51373,Cluster:88
51397,Cluster:88
51530,Cluster:88
51540,Cluster:88
51562,Cluster:88
51619,Cluster:88
51634,Cluster:88
53938,Cluster:88
54093,Cluster:88
54482,Cluster:88
54503,Cluster:88
54819,Cluster:88
54851,Cluster:88
54879,Cluster:88
54901,Cluster:88
54916,Cluster:88
54952,Cluster:88
54955,Cluster:88
55005,Cluster:88
55105,Cluster:88
55110,Cluster:88
55164,Cluster:88
55176,Cluster:88
55188,Cluster:88
55238,Cluster:88
55293,Cluster:88
55298,Cluster:88
55346,Cluster:88
55664,Cluster:88
55732,Cluster:88
55869,Cluster:88
56655,Cluster:88
56912,Cluster:88
57102,Cluster:88
57117,Cluster:88
63932,Cluster:88
64149,Cluster:88
64768,Cluster:88
64794,Cluster:88
64897,Cluster:88
64979,Cluster:88
65008,Cluster:88
79091,Cluster:88
79159,Cluster:88
79161,Cluster:88
79639,Cluster:88
79731,Cluster:88
79753,Cluster:88
79863,Cluster:88
79886,Cluster:88
79979,Cluster:88
80742,Cluster:88
80817,Cluster:88
81550,Cluster:88
81562,Cluster:88
83452,Cluster:88
83479,Cluster:88
83860,Cluster:88
83932,Cluster:88
84173,Cluster:88
84524,Cluster:88
84811,Cluster:88
84933,Cluster:88
85015,Cluster:88
90416,Cluster:88
91368,Cluster:88
91695,Cluster:88
91875,Cluster:88
91949,Cluster:88
112479,Cluster:88
112724,Cluster:88
112858,Cluster:88
114826,Cluster:88
114926,Cluster:88
115817,Cluster:88
116541,Cluster:88
117143,Cluster:88
118472,Cluster:88
119032,Cluster:88
119559,Cluster:88
123720,Cluster:88
124512,Cluster:88
124637,Cluster:88
127018,Cluster:88
127428,Cluster:88
128869,Cluster:88
129138,Cluster:88
131965,Cluster:88
137695,Cluster:88
140460,Cluster:88
143884,Cluster:88
144363,Cluster:88
147657,Cluster:88
152518,Cluster:88
153443,Cluster:88
196483,Cluster:88
202658,Cluster:88
221421,Cluster:88
221785,Cluster:88
253635,Cluster:88
254359,Cluster:88
254394,Cluster:88
254863,Cluster:88
257415,Cluster:88
283237,Cluster:88
284325,Cluster:88
285521,Cluster:88
286053,Cluster:88
375616,Cluster:88
388561,Cluster:88
388753,Cluster:88
399512,Cluster:88
399818,Cluster:88
441191,Cluster:88
493860,Cluster:88
541578,Cluster:88
554203,Cluster:88
727851,Cluster:88
728190,Cluster:88
729515,Cluster:88
100529145,Cluster:88
101060691,Cluster:88
102724159,Cluster:88
105371260,Cluster:88
109703458,Cluster:88
175,Cluster:36
594,Cluster:36
670,Cluster:36
686,Cluster:36
1020,Cluster:36
1070,Cluster:36
2021,Cluster:36
2072,Cluster:36
2176,Cluster:36
2630,Cluster:36
2954,Cluster:36
4521,Cluster:36
4595,Cluster:36
5147,Cluster:36
5283,Cluster:36
5498,Cluster:36
5877,Cluster:36
5893,Cluster:36
6617,Cluster:36
6818,Cluster:36
7576,Cluster:36
7699,Cluster:36
7737,Cluster:36
7770,Cluster:36
8504,Cluster:36
8859,Cluster:36
9014,Cluster:36
9134,Cluster:36
9205,Cluster:36
9364,Cluster:36
9442,Cluster:36
9487,Cluster:36
9488,Cluster:36
9668,Cluster:36
10069,Cluster:36
10201,Cluster:36
10229,Cluster:36
10247,Cluster:36
10329,Cluster:36
10352,Cluster:36
10438,Cluster:36
10495,Cluster:36
10588,Cluster:36
10621,Cluster:36
10940,Cluster:36
10978,Cluster:36
11157,Cluster:36
11200,Cluster:36
11232,Cluster:36
23548,Cluster:36
23567,Cluster:36
25776,Cluster:36
25888,Cluster:36
25901,Cluster:36
25911,Cluster:36
25979,Cluster:36
26146,Cluster:36
26269,Cluster:36
26984,Cluster:36
28960,Cluster:36
28981,Cluster:36
29083,Cluster:36
29098,Cluster:36
29902,Cluster:36
29929,Cluster:36
29999,Cluster:36
51000,Cluster:36
51001,Cluster:36
51025,Cluster:36
51102,Cluster:36
51103,Cluster:36
51121,Cluster:36
51136,Cluster:36
51175,Cluster:36
51188,Cluster:36
51326,Cluster:36
54069,Cluster:36
54433,Cluster:36
54512,Cluster:36
54920,Cluster:36
54942,Cluster:36
54951,Cluster:36
54957,Cluster:36
54969,Cluster:36
54971,Cluster:36
54974,Cluster:36
54980,Cluster:36
55006,Cluster:36
55135,Cluster:36
55171,Cluster:36
55172,Cluster:36
55178,Cluster:36
55180,Cluster:36
55212,Cluster:36
55285,Cluster:36
55317,Cluster:36
55449,Cluster:36
55559,Cluster:36
55703,Cluster:36
55734,Cluster:36
55756,Cluster:36
55780,Cluster:36
55850,Cluster:36
56180,Cluster:36
56915,Cluster:36
57103,Cluster:36
57107,Cluster:36
57213,Cluster:36
57404,Cluster:36
57665,Cluster:36
57691,Cluster:36
57763,Cluster:36
60386,Cluster:36
60487,Cluster:36
60625,Cluster:36
63915,Cluster:36
64216,Cluster:36
64754,Cluster:36
64792,Cluster:36
64801,Cluster:36
79031,Cluster:36
79133,Cluster:36
79147,Cluster:36
79169,Cluster:36
79634,Cluster:36
79644,Cluster:36
79692,Cluster:36
79723,Cluster:36
79760,Cluster:36
79807,Cluster:36
79810,Cluster:36
79830,Cluster:36
79833,Cluster:36
79897,Cluster:36
80010,Cluster:36
80167,Cluster:36
80173,Cluster:36
80194,Cluster:36
80264,Cluster:36
80746,Cluster:36
83451,Cluster:36
83460,Cluster:36
83544,Cluster:36
83608,Cluster:36
83640,Cluster:36
84060,Cluster:36
84062,Cluster:36
84078,Cluster:36
84233,Cluster:36
84283,Cluster:36
84318,Cluster:36
84542,Cluster:36
84681,Cluster:36
84708,Cluster:36
84938,Cluster:36
85013,Cluster:36
90333,Cluster:36
91603,Cluster:36
91647,Cluster:36
91661,Cluster:36
91942,Cluster:36
91966,Cluster:36
92106,Cluster:36
92259,Cluster:36
93183,Cluster:36
94039,Cluster:36
95681,Cluster:36
112487,Cluster:36
112840,Cluster:36
113174,Cluster:36
114034,Cluster:36
114625,Cluster:36
115209,Cluster:36
115509,Cluster:36
122769,Cluster:36
122961,Cluster:36
123355,Cluster:36
123879,Cluster:36
124411,Cluster:36
125150,Cluster:36
126382,Cluster:36
128061,Cluster:36
128387,Cluster:36
128710,Cluster:36
129401,Cluster:36
129450,Cluster:36
131474,Cluster:36
132949,Cluster:36
134637,Cluster:36
137682,Cluster:36
145482,Cluster:36
146712,Cluster:36
147687,Cluster:36
147727,Cluster:36
148789,Cluster:36
151194,Cluster:36
152185,Cluster:36
152815,Cluster:36
153129,Cluster:36
163786,Cluster:36
166378,Cluster:36
196074,Cluster:36
199870,Cluster:36
200205,Cluster:36
201158,Cluster:36
201965,Cluster:36
202243,Cluster:36
207063,Cluster:36
220729,Cluster:36
221078,Cluster:36
252969,Cluster:36
254128,Cluster:36
255919,Cluster:36
256471,Cluster:36
284184,Cluster:36
284323,Cluster:36
284900,Cluster:36
285989,Cluster:36
388272,Cluster:36
388962,Cluster:36
389203,Cluster:36
391356,Cluster:36
440278,Cluster:36
643136,Cluster:36
644873,Cluster:36
729852,Cluster:36
729991,Cluster:36
790955,Cluster:36
100293516,Cluster:36
100505761,Cluster:36
100528030,Cluster:36
100529251,Cluster:36
100533106,Cluster:36
100652748,Cluster:36
101060200,Cluster:36
101928649,Cluster:36
97,Cluster:63
98,Cluster:63
662,Cluster:63
883,Cluster:63
1140,Cluster:63
1787,Cluster:63
2178,Cluster:63
2395,Cluster:63
2653,Cluster:63
3622,Cluster:63
4752,Cluster:63
5990,Cluster:63
6100,Cluster:63
6419,Cluster:63
6610,Cluster:63
7482,Cluster:63
7518,Cluster:63
7569,Cluster:63
7589,Cluster:63
7621,Cluster:63
7697,Cluster:63
7733,Cluster:63
7746,Cluster:63
7775,Cluster:63
7993,Cluster:63
8464,Cluster:63
9016,Cluster:63
9310,Cluster:63
9617,Cluster:63
9753,Cluster:63
9906,Cluster:63
10126,Cluster:63
10420,Cluster:63
10780,Cluster:63
11019,Cluster:63
11062,Cluster:63
11153,Cluster:63
11154,Cluster:63
11162,Cluster:63
22932,Cluster:63
23590,Cluster:63
25880,Cluster:63
27079,Cluster:63
29063,Cluster:63
29092,Cluster:63
29104,Cluster:63
51022,Cluster:63
51057,Cluster:63
51174,Cluster:63
51259,Cluster:63
51277,Cluster:63
51741,Cluster:63
51805,Cluster:63
54494,Cluster:63
54554,Cluster:63
54784,Cluster:63
54956,Cluster:63
54960,Cluster:63
54993,Cluster:63
54995,Cluster:63
55071,Cluster:63
55093,Cluster:63
55128,Cluster:63
55166,Cluster:63
55179,Cluster:63
55330,Cluster:63
55609,Cluster:63
55762,Cluster:63
55776,Cluster:63
55825,Cluster:63
55853,Cluster:63
55957,Cluster:63
56063,Cluster:63
56648,Cluster:63
57002,Cluster:63
57099,Cluster:63
57150,Cluster:63
57536,Cluster:63
57835,Cluster:63
58500,Cluster:63
60490,Cluster:63
64089,Cluster:63
64172,Cluster:63
64375,Cluster:63
64776,Cluster:63
79029,Cluster:63
79165,Cluster:63
79609,Cluster:63
79630,Cluster:63
79663,Cluster:63
79684,Cluster:63
79759,Cluster:63
79797,Cluster:63
79818,Cluster:63
79913,Cluster:63
79959,Cluster:63
79989,Cluster:63
80007,Cluster:63
80028,Cluster:63
80775,Cluster:63
80864,Cluster:63
84068,Cluster:63
84108,Cluster:63
84126,Cluster:63
84163,Cluster:63
84223,Cluster:63
84224,Cluster:63
84277,Cluster:63
84278,Cluster:63
84288,Cluster:63
84303,Cluster:63
84306,Cluster:63
84315,Cluster:63
84520,Cluster:63
84529,Cluster:63
84750,Cluster:63
84775,Cluster:63
84804,Cluster:63
84924,Cluster:63
85019,Cluster:63
85026,Cluster:63
89894,Cluster:63
89978,Cluster:63
90317,Cluster:63
90390,Cluster:63
90529,Cluster:63
90736,Cluster:63
91147,Cluster:63
91151,Cluster:63
91749,Cluster:63
92344,Cluster:63
92806,Cluster:63
93058,Cluster:63
93550,Cluster:63
112812,Cluster:63
114814,Cluster:63
117608,Cluster:63
118426,Cluster:63
122616,Cluster:63
125170,Cluster:63
126017,Cluster:63
129303,Cluster:63
129831,Cluster:63
130026,Cluster:63
131616,Cluster:63
132321,Cluster:63
133015,Cluster:63
140838,Cluster:63
144577,Cluster:63
145389,Cluster:63
145407,Cluster:63
146542,Cluster:63
147804,Cluster:63
147923,Cluster:63
150274,Cluster:63
150962,Cluster:63
151313,Cluster:63
151525,Cluster:63
152992,Cluster:63
153364,Cluster:63
153642,Cluster:63
153733,Cluster:63
157777,Cluster:63
163050,Cluster:63
163081,Cluster:63
196294,Cluster:63
196394,Cluster:63
199857,Cluster:63
200845,Cluster:63
200895,Cluster:63
205251,Cluster:63
222967,Cluster:63
254013,Cluster:63
256051,Cluster:63
283104,Cluster:63
283219,Cluster:63
283254,Cluster:63
283951,Cluster:63
284018,Cluster:63
284071,Cluster:63
284370,Cluster:63
286075,Cluster:63
286187,Cluster:63
345757,Cluster:63
347240,Cluster:63
347344,Cluster:63
353322,Cluster:63
374819,Cluster:63
375190,Cluster:63
378708,Cluster:63
388695,Cluster:63
390637,Cluster:63
400966,Cluster:63
441263,Cluster:63
548645,Cluster:63
606495,Cluster:63
642778,Cluster:63
645212,Cluster:63
653489,Cluster:63
728568,Cluster:63
729288,Cluster:63
729857,Cluster:63
100131211,Cluster:63
100134934,Cluster:63
100137047,Cluster:63
100272147,Cluster:63
100288198,Cluster:63
100288332,Cluster:63
100506060,Cluster:63
100506428,Cluster:63
100526739,Cluster:63
100873965,Cluster:63
100874222,Cluster:63
101059953,Cluster:63
101927151,Cluster:63
101929718,Cluster:63
101930085,Cluster:63
318,Cluster:56
839,Cluster:56
1161,Cluster:56
1416,Cluster:56
1678,Cluster:56
1723,Cluster:56
1876,Cluster:56
3652,Cluster:56
4234,Cluster:56
4515,Cluster:56
6103,Cluster:56
6835,Cluster:56
6877,Cluster:56
7023,Cluster:56
7507,Cluster:56
7752,Cluster:56
7978,Cluster:56
8100,Cluster:56
8233,Cluster:56
8270,Cluster:56
8293,Cluster:56
8487,Cluster:56
8798,Cluster:56
8846,Cluster:56
8847,Cluster:56
9443,Cluster:56
9836,Cluster:56
9884,Cluster:56
9941,Cluster:56
10301,Cluster:56
10393,Cluster:56
10400,Cluster:56
10557,Cluster:56
10667,Cluster:56
10668,Cluster:56
10785,Cluster:56
10793,Cluster:56
10998,Cluster:56
11146,Cluster:56
11159,Cluster:56
11238,Cluster:56
22832,Cluster:56
22888,Cluster:56
23322,Cluster:56
23483,Cluster:56
25819,Cluster:56
25950,Cluster:56
26048,Cluster:56
26094,Cluster:56
26175,Cluster:56
26511,Cluster:56
26610,Cluster:56
26747,Cluster:56
27085,Cluster:56
27094,Cluster:56
27146,Cluster:56
27304,Cluster:56
28512,Cluster:56
28966,Cluster:56
28971,Cluster:56
28990,Cluster:56
29107,Cluster:56
51003,Cluster:56
51016,Cluster:56
51042,Cluster:56
51106,Cluster:56
51110,Cluster:56
51227,Cluster:56
51250,Cluster:56
51333,Cluster:56
51478,Cluster:56
51626,Cluster:56
54344,Cluster:56
54797,Cluster:56
54807,Cluster:56
54903,Cluster:56
54984,Cluster:56
55094,Cluster:56
55116,Cluster:56
55145,Cluster:56
55374,Cluster:56
55617,Cluster:56
55634,Cluster:56
55794,Cluster:56
55848,Cluster:56
55954,Cluster:56
56672,Cluster:56
56890,Cluster:56
57001,Cluster:56
57180,Cluster:56
57228,Cluster:56
57697,Cluster:56
63899,Cluster:56
64417,Cluster:56
64802,Cluster:56
64863,Cluster:56
64940,Cluster:56
79000,Cluster:56
79072,Cluster:56
79135,Cluster:56
79177,Cluster:56
79230,Cluster:56
79568,Cluster:56
79637,Cluster:56
79736,Cluster:56
79744,Cluster:56
79840,Cluster:56
79867,Cluster:56
79944,Cluster:56
80224,Cluster:56
80745,Cluster:56
81856,Cluster:56
83480,Cluster:56
83591,Cluster:56
83861,Cluster:56
84083,Cluster:56
84105,Cluster:56
84269,Cluster:56
84275,Cluster:56
84312,Cluster:56
84759,Cluster:56
84769,Cluster:56
84872,Cluster:56
84947,Cluster:56
85025,Cluster:56
90204,Cluster:56
91057,Cluster:56
91664,Cluster:56
91687,Cluster:56
91750,Cluster:56
92014,Cluster:56
92285,Cluster:56
92345,Cluster:56
93081,Cluster:56
93323,Cluster:56
112752,Cluster:56
112869,Cluster:56
113510,Cluster:56
114659,Cluster:56
116143,Cluster:56
118980,Cluster:56
120526,Cluster:56
121642,Cluster:56
123263,Cluster:56
124936,Cluster:56
125476,Cluster:56
126070,Cluster:56
126789,Cluster:56
131076,Cluster:56
132001,Cluster:56
134145,Cluster:56
134359,Cluster:56
134728,Cluster:56
138241,Cluster:56
138716,Cluster:56
139341,Cluster:56
147965,Cluster:56
148137,Cluster:56
148189,Cluster:56
148327,Cluster:56
154467,Cluster:56
154791,Cluster:56
158234,Cluster:56
161823,Cluster:56
163087,Cluster:56
170958,Cluster:56
171392,Cluster:56
195827,Cluster:56
199692,Cluster:56
199704,Cluster:56
199746,Cluster:56
200232,Cluster:56
200894,Cluster:56
201283,Cluster:56
201973,Cluster:56
219541,Cluster:56
219854,Cluster:56
221302,Cluster:56
221545,Cluster:56
246184,Cluster:56
252983,Cluster:56
256643,Cluster:56
284098,Cluster:56
284131,Cluster:56
285753,Cluster:56
286826,Cluster:56
338699,Cluster:56
339318,Cluster:56
340252,Cluster:56
340591,Cluster:56
374659,Cluster:56
374969,Cluster:56
375341,Cluster:56
375757,Cluster:56
388552,Cluster:56
388558,Cluster:56
388677,Cluster:56
389524,Cluster:56
400569,Cluster:56
404220,Cluster:56
414245,Cluster:56
414765,Cluster:56
440957,Cluster:56
441024,Cluster:56
445329,Cluster:56
643180,Cluster:56
643246,Cluster:56
645513,Cluster:56
653381,Cluster:56
654434,Cluster:56
728411,Cluster:56
780776,Cluster:56
100134713,Cluster:56
100302692,Cluster:56
100303755,Cluster:56
100505894,Cluster:56
100506144,Cluster:56
100506469,Cluster:56
100506963,Cluster:56
100527978,Cluster:56
100528021,Cluster:56
100533496,Cluster:56
100996307,Cluster:56
101059938,Cluster:56
101867536,Cluster:56
101927027,Cluster:56
101928120,Cluster:56
101929145,Cluster:56
105369332,Cluster:56
112637020,Cluster:56
114108587,Cluster:56
1018,Cluster:4
1506,Cluster:4
1677,Cluster:4
2057,Cluster:4
2310,Cluster:4
2822,Cluster:4
5193,Cluster:4
5387,Cluster:4
5890,Cluster:4
5994,Cluster:4
6553,Cluster:4
7442,Cluster:4
7549,Cluster:4
7561,Cluster:4
7564,Cluster:4
7565,Cluster:4
7566,Cluster:4
7584,Cluster:4
7633,Cluster:4
7711,Cluster:4
7727,Cluster:4
7768,Cluster:4
7773,Cluster:4
7957,Cluster:4
8637,Cluster:4
8738,Cluster:4
8814,Cluster:4
9015,Cluster:4
9465,Cluster:4
9970,Cluster:4
10166,Cluster:4
10230,Cluster:4
10233,Cluster:4
10597,Cluster:4
10799,Cluster:4
11133,Cluster:4
24142,Cluster:4
25895,Cluster:4
26272,Cluster:4
27039,Cluster:4
27077,Cluster:4
50840,Cluster:4
51027,Cluster:4
51058,Cluster:4
51601,Cluster:4
51686,Cluster:4
53340,Cluster:4
54059,Cluster:4
54065,Cluster:4
54522,Cluster:4
54584,Cluster:4
54823,Cluster:4
54826,Cluster:4
54848,Cluster:4
54970,Cluster:4
54986,Cluster:4
55063,Cluster:4
55070,Cluster:4
55199,Cluster:4
55260,Cluster:4
55277,Cluster:4
55295,Cluster:4
55315,Cluster:4
55520,Cluster:4
55565,Cluster:4
55582,Cluster:4
55812,Cluster:4
55937,Cluster:4
56985,Cluster:4
57143,Cluster:4
57474,Cluster:4
60686,Cluster:4
64081,Cluster:4
64147,Cluster:4
64789,Cluster:4
79078,Cluster:4
79411,Cluster:4
79446,Cluster:4
79629,Cluster:4
79725,Cluster:4
79741,Cluster:4
79758,Cluster:4
79823,Cluster:4
79842,Cluster:4
79847,Cluster:4
79862,Cluster:4
79896,Cluster:4
79906,Cluster:4
79963,Cluster:4
80237,Cluster:4
80313,Cluster:4
80317,Cluster:4
80339,Cluster:4
81602,Cluster:4
81691,Cluster:4
81789,Cluster:4
83449,Cluster:4
83744,Cluster:4
83943,Cluster:4
84100,Cluster:4
84140,Cluster:4
84190,Cluster:4
84261,Cluster:4
84330,Cluster:4
84455,Cluster:4
84503,Cluster:4
84547,Cluster:4
84693,Cluster:4
84727,Cluster:4
84816,Cluster:4
84905,Cluster:4
84920,Cluster:4
84976,Cluster:4
84992,Cluster:4
90025,Cluster:4
90141,Cluster:4
90693,Cluster:4
90835,Cluster:4
92104,Cluster:4
92342,Cluster:4
92595,Cluster:4
93587,Cluster:4
94009,Cluster:4
112611,Cluster:4
114609,Cluster:4
115123,Cluster:4
118672,Cluster:4
119392,Cluster:4
119710,Cluster:4
122509,Cluster:4
123872,Cluster:4
124045,Cluster:4
124790,Cluster:4
125893,Cluster:4
125919,Cluster:4
126231,Cluster:4
127002,Cluster:4
128439,Cluster:4
130502,Cluster:4
132228,Cluster:4
135154,Cluster:4
136051,Cluster:4
138428,Cluster:4
140680,Cluster:4
140699,Cluster:4
143879,Cluster:4
144233,Cluster:4
145553,Cluster:4
145853,Cluster:4
146434,Cluster:4
147184,Cluster:4
148254,Cluster:4
148266,Cluster:4
150159,Cluster:4
150290,Cluster:4
150291,Cluster:4
150383,Cluster:4
159371,Cluster:4
161779,Cluster:4
166785,Cluster:4
166815,Cluster:4
196951,Cluster:4
200035,Cluster:4
200765,Cluster:4
200931,Cluster:4
201514,Cluster:4
202781,Cluster:4
203054,Cluster:4
203245,Cluster:4
203523,Cluster:4
219844,Cluster:4
221264,Cluster:4
221322,Cluster:4
221786,Cluster:4
222234,Cluster:4
222662,Cluster:4
246269,Cluster:4
254042,Cluster:4
255758,Cluster:4
267002,Cluster:4
283870,Cluster:4
284086,Cluster:4
284349,Cluster:4
285190,Cluster:4
285193,Cluster:4
285267,Cluster:4
285605,Cluster:4
286207,Cluster:4
317761,Cluster:4
339201,Cluster:4
339327,Cluster:4
339665,Cluster:4
339803,Cluster:4
340385,Cluster:4
342945,Cluster:4
348094,Cluster:4
348793,Cluster:4
349136,Cluster:4
373863,Cluster:4
374928,Cluster:4
375287,Cluster:4
387032,Cluster:4
388567,Cluster:4
389161,Cluster:4
389840,Cluster:4
399761,Cluster:4
440672,Cluster:4
441250,Cluster:4
474384,Cluster:4
493812,Cluster:4
541565,Cluster:4
550631,Cluster:4
641339,Cluster:4
644096,Cluster:4
652276,Cluster:4
653645,Cluster:4
692099,Cluster:4
727758,Cluster:4
728194,Cluster:4
728489,Cluster:4
729013,Cluster:4
729967,Cluster:4
100009676,Cluster:4
100129195,Cluster:4
100129917,Cluster:4
100130771,Cluster:4
100131067,Cluster:4
100133091,Cluster:4
100133957,Cluster:4
100287042,Cluster:4
100287722,Cluster:4
100289097,Cluster:4
100289388,Cluster:4
100306951,Cluster:4
100505681,Cluster:4
100505687,Cluster:4
100505854,Cluster:4
100506540,Cluster:4
100506668,Cluster:4
100506686,Cluster:4
100506714,Cluster:4
100507551,Cluster:4
100507602,Cluster:4
100529215,Cluster:4
100874058,Cluster:4
100887750,Cluster:4
100996842,Cluster:4
101926987,Cluster:4
101928525,Cluster:4
101928527,Cluster:4
101929147,Cluster:4
102723553,Cluster:4
9,Cluster:21
656,Cluster:21
1427,Cluster:21
1945,Cluster:21
2272,Cluster:21
2868,Cluster:21
4867,Cluster:21
5191,Cluster:21
5382,Cluster:21
7568,Cluster:21
7579,Cluster:21
7673,Cluster:21
7766,Cluster:21
7789,Cluster:21
8269,Cluster:21
8372,Cluster:21
8711,Cluster:21
8787,Cluster:21
9098,Cluster:21
10224,Cluster:21
10677,Cluster:21
10747,Cluster:21
10817,Cluster:21
11092,Cluster:21
11147,Cluster:21
11251,Cluster:21
25809,Cluster:21
25850,Cluster:21
25961,Cluster:21
25973,Cluster:21
26149,Cluster:21
27010,Cluster:21
50511,Cluster:21
51054,Cluster:21
51276,Cluster:21
54553,Cluster:21
54718,Cluster:21
55184,Cluster:21
55296,Cluster:21
55552,Cluster:21
55659,Cluster:21
55721,Cluster:21
55733,Cluster:21
55805,Cluster:21
55815,Cluster:21
57501,Cluster:21
57547,Cluster:21
57716,Cluster:21
58492,Cluster:21
58495,Cluster:21
63920,Cluster:21
63943,Cluster:21
64080,Cluster:21
64288,Cluster:21
78990,Cluster:21
79149,Cluster:21
79831,Cluster:21
79879,Cluster:21
79898,Cluster:21
79922,Cluster:21
79943,Cluster:21
79955,Cluster:21
80071,Cluster:21
80345,Cluster:21
80705,Cluster:21
80776,Cluster:21
80778,Cluster:21
83450,Cluster:21
84074,Cluster:21
84084,Cluster:21
84182,Cluster:21
84216,Cluster:21
84504,Cluster:21
84645,Cluster:21
84812,Cluster:21
84984,Cluster:21
87769,Cluster:21
90075,Cluster:21
90423,Cluster:21
90576,Cluster:21
91355,Cluster:21
91419,Cluster:21
91442,Cluster:21
91893,Cluster:21
92270,Cluster:21
92283,Cluster:21
92922,Cluster:21
93474,Cluster:21
96626,Cluster:21
114796,Cluster:21
114987,Cluster:21
115196,Cluster:21
115950,Cluster:21
117155,Cluster:21
118491,Cluster:21
122525,Cluster:21
124751,Cluster:21
124989,Cluster:21
126295,Cluster:21
127396,Cluster:21
127495,Cluster:21
127700,Cluster:21
129880,Cluster:21
130162,Cluster:21
130355,Cluster:21
130827,Cluster:21
130888,Cluster:21
132989,Cluster:21
133383,Cluster:21
137994,Cluster:21
140831,Cluster:21
142679,Cluster:21
142686,Cluster:21
144347,Cluster:21
145957,Cluster:21
147011,Cluster:21
147699,Cluster:21
147808,Cluster:21
147929,Cluster:21
147949,Cluster:21
148103,Cluster:21
149465,Cluster:21
149473,Cluster:21
149840,Cluster:21
150737,Cluster:21
150786,Cluster:21
151393,Cluster:21
151649,Cluster:21
152048,Cluster:21
153743,Cluster:21
153768,Cluster:21
157657,Cluster:21
158160,Cluster:21
158431,Cluster:21
159091,Cluster:21
162962,Cluster:21
162968,Cluster:21
162993,Cluster:21
163051,Cluster:21
164633,Cluster:21
166379,Cluster:21
166793,Cluster:21
169270,Cluster:21
169841,Cluster:21
170082,Cluster:21
171220,Cluster:21
171425,Cluster:21
197021,Cluster:21
199223,Cluster:21
199745,Cluster:21
220930,Cluster:21
221143,Cluster:21
253039,Cluster:21
253639,Cluster:21
257169,Cluster:21
283208,Cluster:21
283932,Cluster:21
284023,Cluster:21
284114,Cluster:21
284161,Cluster:21
284306,Cluster:21
284338,Cluster:21
284346,Cluster:21
284498,Cluster:21
285315,Cluster:21
285346,Cluster:21
285830,Cluster:21
286042,Cluster:21
286190,Cluster:21
339559,Cluster:21
342909,Cluster:21
344595,Cluster:21
346007,Cluster:21
348327,Cluster:21
349075,Cluster:21
353497,Cluster:21
375593,Cluster:21
377677,Cluster:21
386724,Cluster:21
388389,Cluster:21
388536,Cluster:21
388569,Cluster:21
389084,Cluster:21
389856,Cluster:21
390980,Cluster:21
399669,Cluster:21
400242,Cluster:21
400673,Cluster:21
401207,Cluster:21
401251,Cluster:21
401264,Cluster:21
401577,Cluster:21
401612,Cluster:21
404665,Cluster:21
414328,Cluster:21
439994,Cluster:21
440288,Cluster:21
440300,Cluster:21
441212,Cluster:21
441272,Cluster:21
445577,Cluster:21
474343,Cluster:21
503538,Cluster:21
503542,Cluster:21
554251,Cluster:21
642361,Cluster:21
642799,Cluster:21
642819,Cluster:21
643853,Cluster:21
645166,Cluster:21
647310,Cluster:21
648987,Cluster:21
651337,Cluster:21
652968,Cluster:21
653160,Cluster:21
728621,Cluster:21
728769,Cluster:21
729096,Cluster:21
729440,Cluster:21
729614,Cluster:21
729867,Cluster:21
100113386,Cluster:21
100128782,Cluster:21
100129250,Cluster:21
100130015,Cluster:21
100131094,Cluster:21
100131691,Cluster:21
100132215,Cluster:21
100286844,Cluster:21
100288695,Cluster:21
100289274,Cluster:21
100289561,Cluster:21
100500905,Cluster:21
100505549,Cluster:21
100505573,Cluster:21
100505616,Cluster:21
100505648,Cluster:21
100505783,Cluster:21
100506083,Cluster:21
100506215,Cluster:21
100506302,Cluster:21
100506380,Cluster:21
100506713,Cluster:21
100507178,Cluster:21
100507316,Cluster:21
100507373,Cluster:21
100507495,Cluster:21
100507567,Cluster:21
100526835,Cluster:21
100533952,Cluster:21
100852407,Cluster:21
100873949,Cluster:21
100874048,Cluster:21
100874085,Cluster:21
101927492,Cluster:21
101927795,Cluster:21
101928063,Cluster:21
101928464,Cluster:21
101928736,Cluster:21
101929290,Cluster:21
102723360,Cluster:21
102723885,Cluster:21
102724219,Cluster:21
105369758,Cluster:21
105369779,Cluster:21
105371795,Cluster:21
105371814,Cluster:21
105372482,Cluster:21
105378580,Cluster:21
106478956,Cluster:21
112441434,Cluster:21
257,Cluster:23
1394,Cluster:23
1594,Cluster:23
2329,Cluster:23
3574,Cluster:23
3770,Cluster:23
4117,Cluster:23
4901,Cluster:23
5623,Cluster:23
6006,Cluster:23
6799,Cluster:23
6991,Cluster:23
7567,Cluster:23
7638,Cluster:23
7691,Cluster:23
7730,Cluster:23
9095,Cluster:23
10251,Cluster:23
10650,Cluster:23
10693,Cluster:23
23251,Cluster:23
25786,Cluster:23
26206,Cluster:23
26266,Cluster:23
29964,Cluster:23
51265,Cluster:23
54466,Cluster:23
55064,Cluster:23
55335,Cluster:23
56246,Cluster:23
57232,Cluster:23
64130,Cluster:23
64582,Cluster:23
64799,Cluster:23
65243,Cluster:23
79173,Cluster:23
79363,Cluster:23
79635,Cluster:23
79696,Cluster:23
79788,Cluster:23
79819,Cluster:23
79839,Cluster:23
79864,Cluster:23
79917,Cluster:23
79946,Cluster:23
79973,Cluster:23
80352,Cluster:23
83473,Cluster:23
84536,Cluster:23
84696,Cluster:23
84698,Cluster:23
84996,Cluster:23
85001,Cluster:23
85002,Cluster:23
85478,Cluster:23
90024,Cluster:23
91734,Cluster:23
92591,Cluster:23
93653,Cluster:23
93953,Cluster:23
113179,Cluster:23
115948,Cluster:23
116444,Cluster:23
116842,Cluster:23
118490,Cluster:23
120379,Cluster:23
123228,Cluster:23
123688,Cluster:23
123775,Cluster:23
126074,Cluster:23
126272,Cluster:23
126661,Cluster:23
138474,Cluster:23
140545,Cluster:23
140894,Cluster:23
147645,Cluster:23
147837,Cluster:23
150356,Cluster:23
150709,Cluster:23
155054,Cluster:23
157489,Cluster:23
158135,Cluster:23
158880,Cluster:23
160140,Cluster:23
160857,Cluster:23
161582,Cluster:23
164684,Cluster:23
165082,Cluster:23
171391,Cluster:23
197187,Cluster:23
200162,Cluster:23
201181,Cluster:23
201232,Cluster:23
202051,Cluster:23
219293,Cluster:23
220992,Cluster:23
221468,Cluster:23
255082,Cluster:23
256933,Cluster:23
257177,Cluster:23
257396,Cluster:23
282679,Cluster:23
283440,Cluster:23
283518,Cluster:23
283629,Cluster:23
283927,Cluster:23
284390,Cluster:23
285266,Cluster:23
285755,Cluster:23
285905,Cluster:23
286527,Cluster:23
339210,Cluster:23
339751,Cluster:23
339929,Cluster:23
340485,Cluster:23
340562,Cluster:23
342132,Cluster:23
345462,Cluster:23
348801,Cluster:23
348926,Cluster:23
349565,Cluster:23
353355,Cluster:23
360200,Cluster:23
373509,Cluster:23
387036,Cluster:23
388165,Cluster:23
388327,Cluster:23
388730,Cluster:23
389741,Cluster:23
400566,Cluster:23
400761,Cluster:23
401232,Cluster:23
404281,Cluster:23
414059,Cluster:23
414197,Cluster:23
414208,Cluster:23
439931,Cluster:23
441150,Cluster:23
441273,Cluster:23
493911,Cluster:23
497258,Cluster:23
553103,Cluster:23
554249,Cluster:23
595135,Cluster:23
641467,Cluster:23
642852,Cluster:23
642946,Cluster:23
644656,Cluster:23
645332,Cluster:23
645676,Cluster:23
653857,Cluster:23
728118,Cluster:23
728431,Cluster:23
728537,Cluster:23
728975,Cluster:23
729020,Cluster:23
729438,Cluster:23
729597,Cluster:23
729603,Cluster:23
729873,Cluster:23
729920,Cluster:23
730098,Cluster:23
730183,Cluster:23
731275,Cluster:23
100125288,Cluster:23
100125556,Cluster:23
100129029,Cluster:23
100129075,Cluster:23
100129924,Cluster:23
100130691,Cluster:23
100130958,Cluster:23
100131089,Cluster:23
100131193,Cluster:23
100133315,Cluster:23
100134869,Cluster:23
100144748,Cluster:23
100287015,Cluster:23
100287559,Cluster:23
100287896,Cluster:23
100289211,Cluster:23
100310812,Cluster:23
100499484,Cluster:23
100505538,Cluster:23
100505741,Cluster:23
100506100,Cluster:23
100506127,Cluster:23
100506462,Cluster:23
100506581,Cluster:23
100506606,Cluster:23
100506637,Cluster:23
100506826,Cluster:23
100506881,Cluster:23
100507032,Cluster:23
100507171,Cluster:23
100507250,Cluster:23
100507266,Cluster:23
100526794,Cluster:23
100528020,Cluster:23
100529240,Cluster:23
100750246,Cluster:23
100861513,Cluster:23
100873952,Cluster:23
100874001,Cluster:23
100874006,Cluster:23
100874028,Cluster:23
100874097,Cluster:23
100996447,Cluster:23
101060321,Cluster:23
101927155,Cluster:23
101927164,Cluster:23
101927204,Cluster:23
101927599,Cluster:23
101927612,Cluster:23
101927755,Cluster:23
101927761,Cluster:23
101927765,Cluster:23
101928000,Cluster:23
101928062,Cluster:23
101928069,Cluster:23
101928578,Cluster:23
101929162,Cluster:23
101930370,Cluster:23
102723859,Cluster:23
102724009,Cluster:23
102724064,Cluster:23
102724330,Cluster:23
102724532,Cluster:23
104355426,Cluster:23
105370333,Cluster:23
107984875,Cluster:23
107984921,Cluster:23
110806272,Cluster:23
631,Cluster:58
1270,Cluster:58
1564,Cluster:58
2306,Cluster:58
2749,Cluster:58
2796,Cluster:58
3061,Cluster:58
4025,Cluster:58
4284,Cluster:58
6911,Cluster:58
7007,Cluster:58
7352,Cluster:58
8551,Cluster:58
8552,Cluster:58
23617,Cluster:58
26226,Cluster:58
26231,Cluster:58
26815,Cluster:58
27296,Cluster:58
28968,Cluster:58
51168,Cluster:58
51364,Cluster:58
53842,Cluster:58
54943,Cluster:58
55472,Cluster:58
55693,Cluster:58
57053,Cluster:58
57191,Cluster:58
65989,Cluster:58
79854,Cluster:58
80741,Cluster:58
83538,Cluster:58
83756,Cluster:58
83882,Cluster:58
83886,Cluster:58
83890,Cluster:58
83983,Cluster:58
84070,Cluster:58
84222,Cluster:58
84226,Cluster:58
84517,Cluster:58
84657,Cluster:58
84989,Cluster:58
90506,Cluster:58
92565,Cluster:58
92960,Cluster:58
93654,Cluster:58
113540,Cluster:58
113691,Cluster:58
115811,Cluster:58
116412,Cluster:58
120863,Cluster:58
124056,Cluster:58
126069,Cluster:58
136853,Cluster:58
137209,Cluster:58
138429,Cluster:58
139201,Cluster:58
140825,Cluster:58
144715,Cluster:58
146562,Cluster:58
148046,Cluster:58
148418,Cluster:58
149069,Cluster:58
150082,Cluster:58
150353,Cluster:58
150590,Cluster:58
151295,Cluster:58
152877,Cluster:58
158787,Cluster:58
158801,Cluster:58
158960,Cluster:58
161142,Cluster:58
161394,Cluster:58
162417,Cluster:58
163154,Cluster:58
169436,Cluster:58
200172,Cluster:58
200728,Cluster:58
206412,Cluster:58
220081,Cluster:58
220979,Cluster:58
252884,Cluster:58
255374,Cluster:58
256126,Cluster:58
257236,Cluster:58
283008,Cluster:58
283385,Cluster:58
283571,Cluster:58
283807,Cluster:58
284358,Cluster:58
284408,Cluster:58
285407,Cluster:58
285955,Cluster:58
286006,Cluster:58
339488,Cluster:58
340156,Cluster:58
341676,Cluster:58
344405,Cluster:58
348751,Cluster:58
374786,Cluster:58
386627,Cluster:58
387707,Cluster:58
387723,Cluster:58
387787,Cluster:58
388324,Cluster:58
388574,Cluster:58
390940,Cluster:58
399671,Cluster:58
399821,Cluster:58
400236,Cluster:58
400604,Cluster:58
400798,Cluster:58
401551,Cluster:58
402682,Cluster:58
440952,Cluster:58
441242,Cluster:58
441549,Cluster:58
442524,Cluster:58
442590,Cluster:58
449520,Cluster:58
493900,Cluster:58
494513,Cluster:58
574407,Cluster:58
619518,Cluster:58
642843,Cluster:58
644246,Cluster:58
644660,Cluster:58
651302,Cluster:58
677814,Cluster:58
728039,Cluster:58
728734,Cluster:58
728741,Cluster:58
729262,Cluster:58
729665,Cluster:58
729723,Cluster:58
729732,Cluster:58
729877,Cluster:58
730091,Cluster:58
767846,Cluster:58
100126793,Cluster:58
100128788,Cluster:58
100129196,Cluster:58
100129484,Cluster:58
100129534,Cluster:58
100129716,Cluster:58
100130197,Cluster:58
100130357,Cluster:58
100130522,Cluster:58
100130742,Cluster:58
100130894,Cluster:58
100131320,Cluster:58
100132101,Cluster:58
100134015,Cluster:58
100134368,Cluster:58
100189589,Cluster:58
100268168,Cluster:58
100286979,Cluster:58
100287049,Cluster:58
100287177,Cluster:58
100287902,Cluster:58
100289098,Cluster:58
100289341,Cluster:58
100289373,Cluster:58
100421577,Cluster:58
100505715,Cluster:58
100505915,Cluster:58
100505933,Cluster:58
100506012,Cluster:58
100506504,Cluster:58
100506551,Cluster:58
100506599,Cluster:58
100506679,Cluster:58
100507283,Cluster:58
100507291,Cluster:58
100507423,Cluster:58
100507433,Cluster:58
100507437,Cluster:58
100507459,Cluster:58
100507487,Cluster:58
100507564,Cluster:58
100507607,Cluster:58
100873941,Cluster:58
100873945,Cluster:58
100873985,Cluster:58
100874002,Cluster:58
100874201,Cluster:58
100874249,Cluster:58
100885776,Cluster:58
100996419,Cluster:58
101060351,Cluster:58
101060389,Cluster:58
101409257,Cluster:58
101926895,Cluster:58
101926933,Cluster:58
101927056,Cluster:58
101927124,Cluster:58
101927275,Cluster:58
101927572,Cluster:58
101927621,Cluster:58
101927631,Cluster:58
101927682,Cluster:58
101927685,Cluster:58
101927768,Cluster:58
101927809,Cluster:58
101927832,Cluster:58
101927837,Cluster:58
101927974,Cluster:58
101928445,Cluster:58
101928626,Cluster:58
101928673,Cluster:58
101928707,Cluster:58
101928784,Cluster:58
101929140,Cluster:58
101929595,Cluster:58
101929664,Cluster:58
102191832,Cluster:58
102724488,Cluster:58
102724862,Cluster:58
103344928,Cluster:58
104169670,Cluster:58
105369147,Cluster:58
105369519,Cluster:58
105371049,Cluster:58
105371050,Cluster:58
105371730,Cluster:58
105376736,Cluster:58
105376805,Cluster:58
105377348,Cluster:58
105377540,Cluster:58
107986114,Cluster:58
110806298,Cluster:58